id_a,id_b,smiles_a,smiles_b,core,frag_a,frag_b,transformation,transformation_class,is_active_a,is_active_b,activity_a_uM,activity_b_uM,potentiation_a_pct,potentiation_b_pct,activity_change
1,3,O=C1O[C@H]([C@H](O)CO)C(O)=C1O,CC1(C)OC[C@@H]([C@H]2OC(=O)C(O)=C2O)O1,*[C@H]1OC(=O)C(O)=C1O,*[C@H](O)CO,*[C@@H]1COC(C)(C)O1,*[C@H](O)CO -> *[C@@H]1COC(C)(C)O1,alkyl_chain_extension,1,1,1797.0,6077.0,286.0,293.0,decreased_potency
1,25,O=C1O[C@H]([C@H](O)CO)C(O)=C1O,O=C1O[C@H]([C@H](O)CBr)C(O)=C1O,*[C@H]1OC(=O)C(O)=C1O,*[C@H](O)CO,*[C@H](O)CBr,*[C@H](O)CO -> *[C@H](O)CBr,other,1,1,1797.0,2.63,286.0,180.0,increased_potency
3,25,CC1(C)OC[C@@H]([C@H]2OC(=O)C(O)=C2O)O1,O=C1O[C@H]([C@H](O)CBr)C(O)=C1O,*[C@H]1OC(=O)C(O)=C1O,*[C@@H]1COC(C)(C)O1,*[C@H](O)CBr,*[C@@H]1COC(C)(C)O1 -> *[C@H](O)CBr,alkyl_chain_extension,1,1,6077.0,2.63,293.0,180.0,increased_potency
1,25,O=C1O[C@H]([C@H](O)CO)C(O)=C1O,O=C1O[C@H]([C@H](O)CBr)C(O)=C1O,*[C@@H](O)[C@H]1OC(=O)C(O)=C1O,*CO,*CBr,*CO -> *CBr,other,1,1,1797.0,2.63,286.0,180.0,increased_potency
1,25,O=C1O[C@H]([C@H](O)CO)C(O)=C1O,O=C1O[C@H]([C@H](O)CBr)C(O)=C1O,*C[C@@H](O)[C@H]1OC(=O)C(O)=C1O,*O,*Br,*O -> *Br,other,1,1,1797.0,2.63,286.0,180.0,increased_potency
1,18,O=C1O[C@H]([C@H](O)CO)C(O)=C1O,O=C1O[C@H]([C@H](O)CO)C(OCc2ccccc2)=C1O,*C1=C(O)C(=O)O[C@@H]1[C@H](O)CO,*O,*OCc1ccccc1,*O -> *OCc1ccccc1,aromatic_substitution,1,1,1797.0,1288.0,286.0,500.0,no_change
1,19,O=C1O[C@H]([C@H](O)CO)C(O)=C1O,C=CCOC1=C(O)C(=O)O[C@@H]1[C@H](O)CO,*C1=C(O)C(=O)O[C@@H]1[C@H](O)CO,*O,*OCC=C,*O -> *OCC=C,alkyl_chain_extension,1,0,1797.0,0.0,286.0,0.0,lost_activity
1,20,O=C1O[C@H]([C@H](O)CO)C(O)=C1O,CCCCOC1=C(O)C(=O)O[C@@H]1[C@H](O)CO,*C1=C(O)C(=O)O[C@@H]1[C@H](O)CO,*O,*OCCCC,*O -> *OCCCC,other,1,0,1797.0,0.0,286.0,0.0,lost_activity
1,21,O=C1O[C@H]([C@H](O)CO)C(O)=C1O,O=C1O[C@H]([C@H](O)CO)C(OCC2CC2)=C1O,*C1=C(O)C(=O)O[C@@H]1[C@H](O)CO,*O,*OCC1CC1,*O -> *OCC1CC1,other,1,0,1797.0,0.0,286.0,0.0,lost_activity
18,19,O=C1O[C@H]([C@H](O)CO)C(OCc2ccccc2)=C1O,C=CCOC1=C(O)C(=O)O[C@@H]1[C@H](O)CO,*C1=C(O)C(=O)O[C@@H]1[C@H](O)CO,*OCc1ccccc1,*OCC=C,*OCc1ccccc1 -> *OCC=C,aromatic_substitution,1,0,1288.0,0.0,500.0,0.0,lost_activity
18,20,O=C1O[C@H]([C@H](O)CO)C(OCc2ccccc2)=C1O,CCCCOC1=C(O)C(=O)O[C@@H]1[C@H](O)CO,*C1=C(O)C(=O)O[C@@H]1[C@H](O)CO,*OCc1ccccc1,*OCCCC,*OCc1ccccc1 -> *OCCCC,alkyl_chain_extension,1,0,1288.0,0.0,500.0,0.0,lost_activity
18,21,O=C1O[C@H]([C@H](O)CO)C(OCc2ccccc2)=C1O,O=C1O[C@H]([C@H](O)CO)C(OCC2CC2)=C1O,*C1=C(O)C(=O)O[C@@H]1[C@H](O)CO,*OCc1ccccc1,*OCC1CC1,*OCc1ccccc1 -> *OCC1CC1,alkyl_chain_extension,1,0,1288.0,0.0,500.0,0.0,lost_activity
19,20,C=CCOC1=C(O)C(=O)O[C@@H]1[C@H](O)CO,CCCCOC1=C(O)C(=O)O[C@@H]1[C@H](O)CO,*C1=C(O)C(=O)O[C@@H]1[C@H](O)CO,*OCC=C,*OCCCC,*OCC=C -> *OCCCC,alkyl_chain_extension,0,0,0.0,0.0,0.0,0.0,no_change
19,21,C=CCOC1=C(O)C(=O)O[C@@H]1[C@H](O)CO,O=C1O[C@H]([C@H](O)CO)C(OCC2CC2)=C1O,*C1=C(O)C(=O)O[C@@H]1[C@H](O)CO,*OCC=C,*OCC1CC1,*OCC=C -> *OCC1CC1,alkyl_chain_extension,0,0,0.0,0.0,0.0,0.0,no_change
20,21,CCCCOC1=C(O)C(=O)O[C@@H]1[C@H](O)CO,O=C1O[C@H]([C@H](O)CO)C(OCC2CC2)=C1O,*C1=C(O)C(=O)O[C@@H]1[C@H](O)CO,*OCCCC,*OCC1CC1,*OCCCC -> *OCC1CC1,other,0,0,0.0,0.0,0.0,0.0,no_change
1,24,O=C1O[C@H]([C@H](O)CO)C(O)=C1O,CCCOC1=C(O)[C@@H]([C@H](O)CO)OC1=O,*C1=C(O)[C@@H]([C@H](O)CO)OC1=O,*O,*OCCC,*O -> *OCCC,alkyl_chain_extension,1,1,1797.0,1202.0,286.0,190.0,no_change
3,5,CC1(C)OC[C@@H]([C@H]2OC(=O)C(O)=C2O)O1,COC1=C(O)C(=O)O[C@@H]1[C@@H]1COC(C)(C)O1,*C1=C(O)C(=O)O[C@@H]1[C@@H]1COC(C)(C)O1,*O,*OC,*O -> *OC,alkyl_chain_extension,1,0,6077.0,0.0,293.0,0.0,lost_activity
3,6,CC1(C)OC[C@@H]([C@H]2OC(=O)C(O)=C2O)O1,CC1(C)OC[C@@H]([C@H]2OC(=O)C(O)=C2OCc2ccccc2)O1,*C1=C(O)C(=O)O[C@@H]1[C@@H]1COC(C)(C)O1,*O,*OCc1ccccc1,*O -> *OCc1ccccc1,aromatic_substitution,1,0,6077.0,0.0,293.0,0.0,lost_activity
3,10,CC1(C)OC[C@@H]([C@H]2OC(=O)C(O)=C2O)O1,CC1(C)OC[C@@H]([C@H]2OC(=O)C(O)=C2OCC2CC2)O1,*C1=C(O)C(=O)O[C@@H]1[C@@H]1COC(C)(C)O1,*O,*OCC1CC1,*O -> *OCC1CC1,other,1,0,6077.0,0.0,293.0,0.0,lost_activity
3,11,CC1(C)OC[C@@H]([C@H]2OC(=O)C(O)=C2O)O1,CC1(C)OC[C@@H]([C@H]2OC(=O)C(O)=C2OCCC2CCCCC2)O1,*C1=C(O)C(=O)O[C@@H]1[C@@H]1COC(C)(C)O1,*O,*OCCC1CCCCC1,*O -> *OCCC1CCCCC1,other,1,0,6077.0,0.0,293.0,0.0,lost_activity
5,6,COC1=C(O)C(=O)O[C@@H]1[C@@H]1COC(C)(C)O1,CC1(C)OC[C@@H]([C@H]2OC(=O)C(O)=C2OCc2ccccc2)O1,*C1=C(O)C(=O)O[C@@H]1[C@@H]1COC(C)(C)O1,*OC,*OCc1ccccc1,*OC -> *OCc1ccccc1,aromatic_substitution,0,0,0.0,0.0,0.0,0.0,no_change
5,10,COC1=C(O)C(=O)O[C@@H]1[C@@H]1COC(C)(C)O1,CC1(C)OC[C@@H]([C@H]2OC(=O)C(O)=C2OCC2CC2)O1,*C1=C(O)C(=O)O[C@@H]1[C@@H]1COC(C)(C)O1,*OC,*OCC1CC1,*OC -> *OCC1CC1,alkyl_chain_extension,0,0,0.0,0.0,0.0,0.0,no_change
5,11,COC1=C(O)C(=O)O[C@@H]1[C@@H]1COC(C)(C)O1,CC1(C)OC[C@@H]([C@H]2OC(=O)C(O)=C2OCCC2CCCCC2)O1,*C1=C(O)C(=O)O[C@@H]1[C@@H]1COC(C)(C)O1,*OC,*OCCC1CCCCC1,*OC -> *OCCC1CCCCC1,other,0,0,0.0,0.0,0.0,0.0,no_change
6,10,CC1(C)OC[C@@H]([C@H]2OC(=O)C(O)=C2OCc2ccccc2)O1,CC1(C)OC[C@@H]([C@H]2OC(=O)C(O)=C2OCC2CC2)O1,*C1=C(O)C(=O)O[C@@H]1[C@@H]1COC(C)(C)O1,*OCc1ccccc1,*OCC1CC1,*OCc1ccccc1 -> *OCC1CC1,alkyl_chain_extension,0,0,0.0,0.0,0.0,0.0,no_change
6,11,CC1(C)OC[C@@H]([C@H]2OC(=O)C(O)=C2OCc2ccccc2)O1,CC1(C)OC[C@@H]([C@H]2OC(=O)C(O)=C2OCCC2CCCCC2)O1,*C1=C(O)C(=O)O[C@@H]1[C@@H]1COC(C)(C)O1,*OCc1ccccc1,*OCCC1CCCCC1,*OCc1ccccc1 -> *OCCC1CCCCC1,alkyl_chain_extension,0,0,0.0,0.0,0.0,0.0,no_change
10,11,CC1(C)OC[C@@H]([C@H]2OC(=O)C(O)=C2OCC2CC2)O1,CC1(C)OC[C@@H]([C@H]2OC(=O)C(O)=C2OCCC2CCCCC2)O1,*C1=C(O)C(=O)O[C@@H]1[C@@H]1COC(C)(C)O1,*OCC1CC1,*OCCC1CCCCC1,*OCC1CC1 -> *OCCC1CCCCC1,other,0,0,0.0,0.0,0.0,0.0,no_change
5,6,COC1=C(O)C(=O)O[C@@H]1[C@@H]1COC(C)(C)O1,CC1(C)OC[C@@H]([C@H]2OC(=O)C(O)=C2OCc2ccccc2)O1,*OC1=C(O)C(=O)O[C@@H]1[C@@H]1COC(C)(C)O1,*C,*Cc1ccccc1,*C -> *Cc1ccccc1,aromatic_substitution,0,0,0.0,0.0,0.0,0.0,no_change
5,10,COC1=C(O)C(=O)O[C@@H]1[C@@H]1COC(C)(C)O1,CC1(C)OC[C@@H]([C@H]2OC(=O)C(O)=C2OCC2CC2)O1,*OC1=C(O)C(=O)O[C@@H]1[C@@H]1COC(C)(C)O1,*C,*CC1CC1,*C -> *CC1CC1,alkyl_chain_extension,0,0,0.0,0.0,0.0,0.0,no_change
5,11,COC1=C(O)C(=O)O[C@@H]1[C@@H]1COC(C)(C)O1,CC1(C)OC[C@@H]([C@H]2OC(=O)C(O)=C2OCCC2CCCCC2)O1,*OC1=C(O)C(=O)O[C@@H]1[C@@H]1COC(C)(C)O1,*C,*CCC1CCCCC1,*C -> *CCC1CCCCC1,other,0,0,0.0,0.0,0.0,0.0,no_change
6,10,CC1(C)OC[C@@H]([C@H]2OC(=O)C(O)=C2OCc2ccccc2)O1,CC1(C)OC[C@@H]([C@H]2OC(=O)C(O)=C2OCC2CC2)O1,*OC1=C(O)C(=O)O[C@@H]1[C@@H]1COC(C)(C)O1,*Cc1ccccc1,*CC1CC1,*Cc1ccccc1 -> *CC1CC1,alkyl_chain_extension,0,0,0.0,0.0,0.0,0.0,no_change
6,11,CC1(C)OC[C@@H]([C@H]2OC(=O)C(O)=C2OCc2ccccc2)O1,CC1(C)OC[C@@H]([C@H]2OC(=O)C(O)=C2OCCC2CCCCC2)O1,*OC1=C(O)C(=O)O[C@@H]1[C@@H]1COC(C)(C)O1,*Cc1ccccc1,*CCC1CCCCC1,*Cc1ccccc1 -> *CCC1CCCCC1,alkyl_chain_extension,0,0,0.0,0.0,0.0,0.0,no_change
10,11,CC1(C)OC[C@@H]([C@H]2OC(=O)C(O)=C2OCC2CC2)O1,CC1(C)OC[C@@H]([C@H]2OC(=O)C(O)=C2OCCC2CCCCC2)O1,*OC1=C(O)C(=O)O[C@@H]1[C@@H]1COC(C)(C)O1,*CC1CC1,*CCC1CCCCC1,*CC1CC1 -> *CCC1CCCCC1,other,0,0,0.0,0.0,0.0,0.0,no_change
5,13,COC1=C(O)C(=O)O[C@@H]1[C@@H]1COC(C)(C)O1,COC1=C(OC)[C@@H]([C@@H]2COC(C)(C)O2)OC1=O,*C1=C(OC)[C@@H]([C@@H]2COC(C)(C)O2)OC1=O,*O,*OC,*O -> *OC,alkyl_chain_extension,0,0,0.0,0.0,0.0,0.0,no_change
6,18,CC1(C)OC[C@@H]([C@H]2OC(=O)C(O)=C2OCc2ccccc2)O1,O=C1O[C@H]([C@H](O)CO)C(OCc2ccccc2)=C1O,*[C@H]1OC(=O)C(O)=C1OCc1ccccc1,*[C@@H]1COC(C)(C)O1,*[C@H](O)CO,*[C@@H]1COC(C)(C)O1 -> *[C@H](O)CO,alkyl_chain_extension,0,1,0.0,1288.0,0.0,500.0,gained_activity
6,14,CC1(C)OC[C@@H]([C@H]2OC(=O)C(O)=C2OCc2ccccc2)O1,CC1(C)OC[C@@H]([C@H]2OC(=O)C(OCc3ccccc3)=C2OCc2ccccc2)O1,*C1=C(OCc2ccccc2)[C@@H]([C@@H]2COC(C)(C)O2)OC1=O,*O,*OCc1ccccc1,*O -> *OCc1ccccc1,aromatic_substitution,0,0,0.0,0.0,0.0,0.0,no_change
6,10,CC1(C)OC[C@@H]([C@H]2OC(=O)C(O)=C2OCc2ccccc2)O1,CC1(C)OC[C@@H]([C@H]2OC(=O)C(O)=C2OCC2CC2)O1,*COC1=C(O)C(=O)O[C@@H]1[C@@H]1COC(C)(C)O1,*c1ccccc1,*C1CC1,*c1ccccc1 -> *C1CC1,alkyl_chain_extension,0,0,0.0,0.0,0.0,0.0,no_change
6,11,CC1(C)OC[C@@H]([C@H]2OC(=O)C(O)=C2OCc2ccccc2)O1,CC1(C)OC[C@@H]([C@H]2OC(=O)C(O)=C2OCCC2CCCCC2)O1,*COC1=C(O)C(=O)O[C@@H]1[C@@H]1COC(C)(C)O1,*c1ccccc1,*CC1CCCCC1,*c1ccccc1 -> *CC1CCCCC1,alkyl_chain_extension,0,0,0.0,0.0,0.0,0.0,no_change
10,11,CC1(C)OC[C@@H]([C@H]2OC(=O)C(O)=C2OCC2CC2)O1,CC1(C)OC[C@@H]([C@H]2OC(=O)C(O)=C2OCCC2CCCCC2)O1,*COC1=C(O)C(=O)O[C@@H]1[C@@H]1COC(C)(C)O1,*C1CC1,*CC1CCCCC1,*C1CC1 -> *CC1CCCCC1,other,0,0,0.0,0.0,0.0,0.0,no_change
9,12,CCCCOC1=C(O)C(=O)O[C@@H]1[C@H]1COC(C)(C)O1,C#CCOC1=C(O)C(=O)O[C@@H]1[C@H]1COC(C)(C)O1,*COC1=C(O)C(=O)O[C@@H]1[C@H]1COC(C)(C)O1,*CCC,*C#C,*CCC -> *C#C,EWG_introduction_removal,0,1,0.0,0.1981,0.0,150.0,gained_activity
9,12,CCCCOC1=C(O)C(=O)O[C@@H]1[C@H]1COC(C)(C)O1,C#CCOC1=C(O)C(=O)O[C@@H]1[C@H]1COC(C)(C)O1,*OC1=C(O)C(=O)O[C@@H]1[C@H]1COC(C)(C)O1,*CCCC,*CC#C,*CCCC -> *CC#C,EWG_introduction_removal,0,1,0.0,0.1981,0.0,150.0,gained_activity
9,12,CCCCOC1=C(O)C(=O)O[C@@H]1[C@H]1COC(C)(C)O1,C#CCOC1=C(O)C(=O)O[C@@H]1[C@H]1COC(C)(C)O1,*C1=C(O)C(=O)O[C@@H]1[C@H]1COC(C)(C)O1,*OCCCC,*OCC#C,*OCCCC -> *OCC#C,EWG_introduction_removal,0,1,0.0,0.1981,0.0,150.0,gained_activity
9,20,CCCCOC1=C(O)C(=O)O[C@@H]1[C@H]1COC(C)(C)O1,CCCCOC1=C(O)C(=O)O[C@@H]1[C@H](O)CO,*[C@H]1OC(=O)C(O)=C1OCCCC,*[C@H]1COC(C)(C)O1,*[C@H](O)CO,*[C@H]1COC(C)(C)O1 -> *[C@H](O)CO,alkyl_chain_extension,0,0,0.0,0.0,0.0,0.0,no_change
10,21,CC1(C)OC[C@@H]([C@H]2OC(=O)C(O)=C2OCC2CC2)O1,O=C1O[C@H]([C@H](O)CO)C(OCC2CC2)=C1O,*[C@H]1OC(=O)C(O)=C1OCC1CC1,*[C@@H]1COC(C)(C)O1,*[C@H](O)CO,*[C@@H]1COC(C)(C)O1 -> *[C@H](O)CO,alkyl_chain_extension,0,0,0.0,0.0,0.0,0.0,no_change
13,22,COC1=C(OC)[C@@H]([C@@H]2COC(C)(C)O2)OC1=O,COC1=C(OC)[C@@H]([C@H](O)CO)OC1=O,*[C@H]1OC(=O)C(OC)=C1OC,*[C@@H]1COC(C)(C)O1,*[C@H](O)CO,*[C@@H]1COC(C)(C)O1 -> *[C@H](O)CO,alkyl_chain_extension,0,0,0.0,0.0,0.0,0.0,no_change
18,19,O=C1O[C@H]([C@H](O)CO)C(OCc2ccccc2)=C1O,C=CCOC1=C(O)C(=O)O[C@@H]1[C@H](O)CO,*OC1=C(O)C(=O)O[C@@H]1[C@H](O)CO,*Cc1ccccc1,*CC=C,*Cc1ccccc1 -> *CC=C,aromatic_substitution,1,0,1288.0,0.0,500.0,0.0,lost_activity
18,20,O=C1O[C@H]([C@H](O)CO)C(OCc2ccccc2)=C1O,CCCCOC1=C(O)C(=O)O[C@@H]1[C@H](O)CO,*OC1=C(O)C(=O)O[C@@H]1[C@H](O)CO,*Cc1ccccc1,*CCCC,*Cc1ccccc1 -> *CCCC,alkyl_chain_extension,1,0,1288.0,0.0,500.0,0.0,lost_activity
18,21,O=C1O[C@H]([C@H](O)CO)C(OCc2ccccc2)=C1O,O=C1O[C@H]([C@H](O)CO)C(OCC2CC2)=C1O,*OC1=C(O)C(=O)O[C@@H]1[C@H](O)CO,*Cc1ccccc1,*CC1CC1,*Cc1ccccc1 -> *CC1CC1,alkyl_chain_extension,1,0,1288.0,0.0,500.0,0.0,lost_activity
19,20,C=CCOC1=C(O)C(=O)O[C@@H]1[C@H](O)CO,CCCCOC1=C(O)C(=O)O[C@@H]1[C@H](O)CO,*OC1=C(O)C(=O)O[C@@H]1[C@H](O)CO,*CC=C,*CCCC,*CC=C -> *CCCC,alkyl_chain_extension,0,0,0.0,0.0,0.0,0.0,no_change
19,21,C=CCOC1=C(O)C(=O)O[C@@H]1[C@H](O)CO,O=C1O[C@H]([C@H](O)CO)C(OCC2CC2)=C1O,*OC1=C(O)C(=O)O[C@@H]1[C@H](O)CO,*CC=C,*CC1CC1,*CC=C -> *CC1CC1,alkyl_chain_extension,0,0,0.0,0.0,0.0,0.0,no_change
20,21,CCCCOC1=C(O)C(=O)O[C@@H]1[C@H](O)CO,O=C1O[C@H]([C@H](O)CO)C(OCC2CC2)=C1O,*OC1=C(O)C(=O)O[C@@H]1[C@H](O)CO,*CCCC,*CC1CC1,*CCCC -> *CC1CC1,other,0,0,0.0,0.0,0.0,0.0,no_change
18,19,O=C1O[C@H]([C@H](O)CO)C(OCc2ccccc2)=C1O,C=CCOC1=C(O)C(=O)O[C@@H]1[C@H](O)CO,*COC1=C(O)C(=O)O[C@@H]1[C@H](O)CO,*c1ccccc1,*C=C,*c1ccccc1 -> *C=C,aromatic_substitution,1,0,1288.0,0.0,500.0,0.0,lost_activity
18,20,O=C1O[C@H]([C@H](O)CO)C(OCc2ccccc2)=C1O,CCCCOC1=C(O)C(=O)O[C@@H]1[C@H](O)CO,*COC1=C(O)C(=O)O[C@@H]1[C@H](O)CO,*c1ccccc1,*CCC,*c1ccccc1 -> *CCC,alkyl_chain_extension,1,0,1288.0,0.0,500.0,0.0,lost_activity
18,21,O=C1O[C@H]([C@H](O)CO)C(OCc2ccccc2)=C1O,O=C1O[C@H]([C@H](O)CO)C(OCC2CC2)=C1O,*COC1=C(O)C(=O)O[C@@H]1[C@H](O)CO,*c1ccccc1,*C1CC1,*c1ccccc1 -> *C1CC1,alkyl_chain_extension,1,0,1288.0,0.0,500.0,0.0,lost_activity
19,20,C=CCOC1=C(O)C(=O)O[C@@H]1[C@H](O)CO,CCCCOC1=C(O)C(=O)O[C@@H]1[C@H](O)CO,*COC1=C(O)C(=O)O[C@@H]1[C@H](O)CO,*C=C,*CCC,*C=C -> *CCC,alkyl_chain_extension,0,0,0.0,0.0,0.0,0.0,no_change
19,21,C=CCOC1=C(O)C(=O)O[C@@H]1[C@H](O)CO,O=C1O[C@H]([C@H](O)CO)C(OCC2CC2)=C1O,*COC1=C(O)C(=O)O[C@@H]1[C@H](O)CO,*C=C,*C1CC1,*C=C -> *C1CC1,alkyl_chain_extension,0,0,0.0,0.0,0.0,0.0,no_change
20,21,CCCCOC1=C(O)C(=O)O[C@@H]1[C@H](O)CO,O=C1O[C@H]([C@H](O)CO)C(OCC2CC2)=C1O,*COC1=C(O)C(=O)O[C@@H]1[C@H](O)CO,*CCC,*C1CC1,*CCC -> *C1CC1,other,0,0,0.0,0.0,0.0,0.0,no_change
