compound_id,Identifier,SMILES,isomeric_SMILES,canonical_SMILES,tautomer_canonical_SMILES,stereochemistry,activity_potency_uM,activity_potentiation_pct,is_active,experimental_status,activity,activity_type,activity_unit,assay,assay_condition,replicate_information,source,series_id,parent_compound,scaffold_id,murcko_scaffold,qc_flag,exclusion_reason,stereo_stereo_status,stereo_n_stereo_centers,stereo_n_specified,stereo_n_unspecified,stereo_n_ez_bonds,stereo_has_undefined_stereo,dup_exact,conflicting_duplicate,activity_outlier,n_components,is_salt_or_solvate,net_charge,uncharged_SMILES,label_distribution_note,MW,LogP,TPSA,HBD,HBA,RotBonds,RingCount,AromaticRings,FractionCSP3,FormalCharge,HeavyAtomCount,MolFormula,ascorbate_core,c2_oh_type,c3_oh_type,c2_o_alkyl,c3_o_alkyl,o2_alkoxy,o3_alkoxy,domain_role,enediol_motif,acetonide_protected,ascorbate_subseries,is_prospective_panel
1.0,1,C1([C@@H]([C@H](O)CO)OC(=O)C=1O)O,O=C1O[C@H]([C@H](O)CO)C(O)=C1O,O=C1O[C@H]([C@H](O)CO)C(O)=C1O,OC[C@@H](O)c1oc(O)c(O)c1O,defined,1797.0,286.0,1.0,active,1797.0,potency,uM,a9a10 PAM potentiation assay,UNKNOWN (assay conditions not recorded in source data),NOT_RECORDED (no replicate measurements in source data),/Users/nb/Documents/ligand-based-modeling/modulator-dataset-a9a10.csv,0.0,,0.0,O=C1C=CCO1,pass,,defined,2.0,2.0,0.0,0.0,False,0.0,0.0,0.0,1.0,0.0,0.0,O=C1O[C@H]([C@H](O)CO)C(O)=C1O,"active=7, inactive=23, total=30",176.124,-1.4074,107.22,4.0,6.0,2.0,1.0,0.0,0.5,0.0,12.0,C6H8O6,True,-OH,-OH,0.0,0.0,0.0,0.0,reference (L-ascorbic acid),True,False,free ascorbate,0
2.0,2,C(O)C(C1OC(=O)C(O)=C1O)O,O=C1OC(C(O)CO)C(O)=C1O,O=C1OC(C(O)CO)C(O)=C1O,OCC(O)c1oc(O)c(O)c1O,undefined/mixed,1316.0,300.0,1.0,active,1316.0,potency,uM,a9a10 PAM potentiation assay,UNKNOWN (assay conditions not recorded in source data),NOT_RECORDED (no replicate measurements in source data),/Users/nb/Documents/ligand-based-modeling/modulator-dataset-a9a10.csv,0.0,,0.0,O=C1C=CCO1,pass,,undefined/mixed,2.0,0.0,2.0,0.0,True,0.0,0.0,0.0,1.0,0.0,0.0,O=C1OC(C(O)CO)C(O)=C1O,"active=7, inactive=23, total=30",176.12400000000002,-1.4074,107.22,4.0,6.0,2.0,1.0,0.0,0.5,0.0,12.0,C6H8O6,True,-OH,-OH,0.0,0.0,0.0,0.0,D-form probe (D-isoascorbic acid / erythorbate); PI note: potency similar to L-form,True,False,free ascorbate,0
3.0,3,CC1(O[C@H]([C@H]2OC(=O)C(O)=C2O)CO1)C,CC1(C)OC[C@@H]([C@H]2OC(=O)C(O)=C2O)O1,CC1(C)OC[C@@H]([C@H]2OC(=O)C(O)=C2O)O1,CC1(C)OC[C@@H](c2oc(O)c(O)c2O)O1,defined,6077.0,293.0,1.0,active,6077.0,potency,uM,a9a10 PAM potentiation assay,UNKNOWN (assay conditions not recorded in source data),NOT_RECORDED (no replicate measurements in source data),/Users/nb/Documents/ligand-based-modeling/modulator-dataset-a9a10.csv,1.0,,1.0,O=C1C=C[C@@H]([C@@H]2COCO2)O1,pass,,defined,2.0,2.0,0.0,0.0,False,0.0,0.0,1.0,1.0,0.0,0.0,CC1(C)OC[C@@H]([C@H]2OC(=O)C(O)=C2O)O1,"active=7, inactive=23, total=30",216.18899999999996,0.3908999999999997,85.22000000000001,2.0,6.0,1.0,2.0,0.0,0.6666666666666666,0.0,15.0,C9H12O6,True,-OH,-OH,0.0,0.0,0.0,0.0,,True,True,"5,6-O-isopropylidene acetonide, free enediol",0
4.0,4,CCCCCCCCC1O[C@H](C2OC(=O)C(O)=C2O)CO1,CCCCCCCCC1OC[C@@H](C2OC(=O)C(O)=C2O)O1,CCCCCCCCC1OC[C@@H](C2OC(=O)C(O)=C2O)O1,CCCCCCCCC1OC[C@@H](c2oc(O)c(O)c2O)O1,undefined/mixed,0.0,0.0,0.0,inactive_or_not_measured,0.0,potency,uM,a9a10 PAM potentiation assay,UNKNOWN (assay conditions not recorded in source data),NOT_RECORDED (no replicate measurements in source data),/Users/nb/Documents/ligand-based-modeling/modulator-dataset-a9a10.csv,2.0,,2.0,O=C1C=CC([C@@H]2COCO2)O1,pass,,undefined/mixed,3.0,1.0,2.0,0.0,True,0.0,0.0,0.0,1.0,0.0,0.0,CCCCCCCCC1OC[C@@H](C2OC(=O)C(O)=C2O)O1,"active=7, inactive=23, total=30",300.35100000000006,2.7314999999999996,85.22000000000001,2.0,6.0,8.0,2.0,0.0,0.8,0.0,21.0,C15H24O6,True,-OH,-OH,0.0,0.0,0.0,0.0,,True,False,free ascorbate,0
5.0,5,CC1(O[C@H]([C@H]2OC(=O)C(O)=C2OC)CO1)C,COC1=C(O)C(=O)O[C@@H]1[C@@H]1COC(C)(C)O1,COC1=C(O)C(=O)O[C@@H]1[C@@H]1COC(C)(C)O1,COC1C(=O)C(=O)O[C@@H]1[C@@H]1COC(C)(C)O1,defined,0.0,0.0,0.0,inactive_or_not_measured,0.0,potency,uM,a9a10 PAM potentiation assay,UNKNOWN (assay conditions not recorded in source data),NOT_RECORDED (no replicate measurements in source data),/Users/nb/Documents/ligand-based-modeling/modulator-dataset-a9a10.csv,1.0,,1.0,O=C1C=C[C@@H]([C@@H]2COCO2)O1,pass,,defined,2.0,2.0,0.0,0.0,False,0.0,0.0,0.0,1.0,0.0,0.0,COC1=C(O)C(=O)O[C@@H]1[C@@H]1COC(C)(C)O1,"active=7, inactive=23, total=30",230.21599999999995,0.4792999999999996,74.22000000000001,1.0,6.0,2.0,2.0,0.0,0.7,0.0,16.0,C10H14O6,True,-OH,O-alkyl,0.0,1.0,0.0,1.0,,True,True,"5,6-O-isopropylidene acetonide, 3-O-alkoxy",0
6.0,6,CC1(O[C@H]([C@H]2OC(=O)C(O)=C2OCC2C=CC=CC=2)CO1)C,CC1(C)OC[C@@H]([C@H]2OC(=O)C(O)=C2OCc2ccccc2)O1,CC1(C)OC[C@@H]([C@H]2OC(=O)C(O)=C2OCc2ccccc2)O1,CC1(C)OC[C@@H]([C@H]2OC(=O)C(=O)C2OCc2ccccc2)O1,defined,0.0,0.0,0.0,inactive_or_not_measured,0.0,potency,uM,a9a10 PAM potentiation assay,UNKNOWN (assay conditions not recorded in source data),NOT_RECORDED (no replicate measurements in source data),/Users/nb/Documents/ligand-based-modeling/modulator-dataset-a9a10.csv,3.0,,3.0,O=C1C=C(OCc2ccccc2)[C@@H]([C@@H]2COCO2)O1,pass,,defined,2.0,2.0,0.0,0.0,False,0.0,0.0,0.0,1.0,0.0,0.0,CC1(C)OC[C@@H]([C@H]2OC(=O)C(O)=C2OCc2ccccc2)O1,"active=7, inactive=23, total=30",306.3140000000001,2.0496999999999996,74.22000000000001,1.0,6.0,4.0,3.0,1.0,0.4375,0.0,22.0,C16H18O6,True,-OH,O-alkyl,0.0,1.0,0.0,1.0,,True,True,"5,6-O-isopropylidene acetonide, 3-O-alkoxy",0
7.0,7,C=CCOC1C([C@@H]2OC(C)(C)OC2)OC(=O)C=1O,C=CCOC1=C(O)C(=O)OC1[C@H]1COC(C)(C)O1,C=CCOC1=C(O)C(=O)OC1[C@H]1COC(C)(C)O1,C=CCOC1C(=O)C(=O)OC1[C@H]1COC(C)(C)O1,undefined/mixed,0.0,0.0,0.0,inactive_or_not_measured,0.0,potency,uM,a9a10 PAM potentiation assay,UNKNOWN (assay conditions not recorded in source data),NOT_RECORDED (no replicate measurements in source data),/Users/nb/Documents/ligand-based-modeling/modulator-dataset-a9a10.csv,4.0,,4.0,O=C1C=CC([C@H]2COCO2)O1,pass,,undefined/mixed,2.0,1.0,1.0,0.0,True,0.0,0.0,0.0,1.0,0.0,0.0,C=CCOC1=C(O)C(=O)OC1[C@H]1COC(C)(C)O1,"active=7, inactive=23, total=30",256.2539999999999,1.0355,74.22,1.0,6.0,4.0,2.0,0.0,0.5833333333333334,0.0,18.0,C12H16O6,True,-OH,O-alkyl,0.0,1.0,0.0,1.0,,True,True,"5,6-O-isopropylidene acetonide, 3-O-alkoxy",0
8.0,8,CCCOC1C(C2OC(C)(C)OC2)OC(=O)C=1O,CCCOC1=C(O)C(=O)OC1C1COC(C)(C)O1,CCCOC1=C(O)C(=O)OC1C1COC(C)(C)O1,CCCOC1C(=O)C(=O)OC1C1COC(C)(C)O1,undefined/mixed,0.0,0.0,0.0,inactive_or_not_measured,0.0,potency,uM,a9a10 PAM potentiation assay,UNKNOWN (assay conditions not recorded in source data),NOT_RECORDED (no replicate measurements in source data),/Users/nb/Documents/ligand-based-modeling/modulator-dataset-a9a10.csv,5.0,,5.0,O=C1C=CC(C2COCO2)O1,pass,,undefined/mixed,2.0,0.0,2.0,0.0,True,0.0,0.0,0.0,1.0,0.0,0.0,CCCOC1=C(O)C(=O)OC1C1COC(C)(C)O1,"active=7, inactive=23, total=30",258.2699999999999,1.2594999999999998,74.22,1.0,6.0,4.0,2.0,0.0,0.75,0.0,18.0,C12H18O6,True,-OH,O-alkyl,0.0,1.0,0.0,1.0,,True,True,"5,6-O-isopropylidene acetonide, 3-O-alkoxy",0
9.0,9,CCCCOC1[C@@H]([C@@H]2OC(C)(C)OC2)OC(=O)C=1O,CCCCOC1=C(O)C(=O)O[C@@H]1[C@H]1COC(C)(C)O1,CCCCOC1=C(O)C(=O)O[C@@H]1[C@H]1COC(C)(C)O1,CCCCOC1C(=O)C(=O)O[C@@H]1[C@H]1COC(C)(C)O1,defined,0.0,0.0,0.0,inactive_or_not_measured,0.0,potency,uM,a9a10 PAM potentiation assay,UNKNOWN (assay conditions not recorded in source data),NOT_RECORDED (no replicate measurements in source data),/Users/nb/Documents/ligand-based-modeling/modulator-dataset-a9a10.csv,6.0,,6.0,O=C1C=C[C@@H]([C@H]2COCO2)O1,pass,,defined,2.0,2.0,0.0,0.0,False,0.0,0.0,0.0,1.0,0.0,0.0,CCCCOC1=C(O)C(=O)O[C@@H]1[C@H]1COC(C)(C)O1,"active=7, inactive=23, total=30",272.2969999999999,1.6496,74.22,1.0,6.0,5.0,2.0,0.0,0.7692307692307693,0.0,19.0,C13H20O6,True,-OH,O-alkyl,0.0,1.0,0.0,1.0,,True,True,"5,6-O-isopropylidene acetonide, 3-O-alkoxy",0
10.0,10,CC1(O[C@H]([C@H]2OC(=O)C(O)=C2OCC2CC2)CO1)C,CC1(C)OC[C@@H]([C@H]2OC(=O)C(O)=C2OCC2CC2)O1,CC1(C)OC[C@@H]([C@H]2OC(=O)C(O)=C2OCC2CC2)O1,CC1(C)OC[C@@H]([C@H]2OC(=O)C(=O)C2OCC2CC2)O1,defined,0.0,0.0,0.0,inactive_or_not_measured,0.0,potency,uM,a9a10 PAM potentiation assay,UNKNOWN (assay conditions not recorded in source data),NOT_RECORDED (no replicate measurements in source data),/Users/nb/Documents/ligand-based-modeling/modulator-dataset-a9a10.csv,7.0,,7.0,O=C1C=C(OCC2CC2)[C@@H]([C@@H]2COCO2)O1,pass,,defined,2.0,2.0,0.0,0.0,False,0.0,0.0,0.0,1.0,0.0,0.0,CC1(C)OC[C@@H]([C@H]2OC(=O)C(O)=C2OCC2CC2)O1,"active=7, inactive=23, total=30",270.28099999999995,1.2594999999999994,74.22000000000001,1.0,6.0,4.0,3.0,0.0,0.7692307692307693,0.0,19.0,C13H18O6,True,-OH,O-alkyl,0.0,1.0,0.0,1.0,,True,True,"5,6-O-isopropylidene acetonide, 3-O-alkoxy",0
11.0,11,CC1(O[C@H]([C@H]2OC(=O)C(O)=C2OCCC2CCCCC2)CO1)C,CC1(C)OC[C@@H]([C@H]2OC(=O)C(O)=C2OCCC2CCCCC2)O1,CC1(C)OC[C@@H]([C@H]2OC(=O)C(O)=C2OCCC2CCCCC2)O1,CC1(C)OC[C@@H]([C@H]2OC(=O)C(=O)C2OCCC2CCCCC2)O1,defined,0.0,0.0,0.0,inactive_or_not_measured,0.0,potency,uM,a9a10 PAM potentiation assay,UNKNOWN (assay conditions not recorded in source data),NOT_RECORDED (no replicate measurements in source data),/Users/nb/Documents/ligand-based-modeling/modulator-dataset-a9a10.csv,8.0,,8.0,O=C1C=C(OCCC2CCCCC2)[C@@H]([C@@H]2COCO2)O1,pass,,defined,2.0,2.0,0.0,0.0,False,0.0,0.0,0.0,1.0,0.0,0.0,CC1(C)OC[C@@H]([C@H]2OC(=O)C(O)=C2OCCC2CCCCC2)O1,"active=7, inactive=23, total=30",326.38900000000007,2.8199000000000005,74.22000000000001,1.0,6.0,5.0,3.0,0.0,0.8235294117647058,0.0,23.0,C17H26O6,True,-OH,O-alkyl,0.0,1.0,0.0,1.0,,True,True,"5,6-O-isopropylidene acetonide, 3-O-alkoxy",0
12.0,12,C(#C)COC1[C@@H]([C@@H]2OC(C)(C)OC2)OC(=O)C=1O,C#CCOC1=C(O)C(=O)O[C@@H]1[C@H]1COC(C)(C)O1,C#CCOC1=C(O)C(=O)O[C@@H]1[C@H]1COC(C)(C)O1,C#CCOC1C(=O)C(=O)O[C@@H]1[C@H]1COC(C)(C)O1,defined,0.1981,150.0,1.0,active,0.1981,potency,uM,a9a10 PAM potentiation assay,UNKNOWN (assay conditions not recorded in source data),NOT_RECORDED (no replicate measurements in source data),/Users/nb/Documents/ligand-based-modeling/modulator-dataset-a9a10.csv,6.0,,6.0,O=C1C=C[C@@H]([C@H]2COCO2)O1,pass,,defined,2.0,2.0,0.0,0.0,False,0.0,0.0,0.0,1.0,0.0,0.0,C#CCOC1=C(O)C(=O)O[C@@H]1[C@H]1COC(C)(C)O1,"active=7, inactive=23, total=30",254.23799999999991,0.4826999999999996,74.22,1.0,6.0,3.0,2.0,0.0,0.5833333333333334,0.0,18.0,C12H14O6,True,-OH,O-alkyl,0.0,1.0,0.0,1.0,,True,True,"5,6-O-isopropylidene acetonide, 3-O-alkoxy",0
13.0,13,CC1(O[C@H]([C@H]2OC(=O)C(OC)=C2OC)CO1)C,COC1=C(OC)[C@@H]([C@@H]2COC(C)(C)O2)OC1=O,COC1=C(OC)[C@@H]([C@@H]2COC(C)(C)O2)OC1=O,COC1=C(OC)[C@@H]([C@@H]2COC(C)(C)O2)OC1=O,defined,0.0,0.0,0.0,inactive_or_not_measured,0.0,potency,uM,a9a10 PAM potentiation assay,UNKNOWN (assay conditions not recorded in source data),NOT_RECORDED (no replicate measurements in source data),/Users/nb/Documents/ligand-based-modeling/modulator-dataset-a9a10.csv,1.0,,1.0,O=C1C=C[C@@H]([C@@H]2COCO2)O1,pass,,defined,2.0,2.0,0.0,0.0,False,0.0,0.0,0.0,1.0,0.0,0.0,COC1=C(OC)[C@@H]([C@@H]2COC(C)(C)O2)OC1=O,"active=7, inactive=23, total=30",244.2429999999999,0.5676999999999999,63.22000000000001,0.0,6.0,3.0,2.0,0.0,0.7272727272727273,0.0,17.0,C11H16O6,True,O-alkyl,O-alkyl,1.0,1.0,1.0,1.0,,True,True,"5,6-O-isopropylidene acetonide, 2,3-bis-O-alkoxy",0
14.0,14,CC1(O[C@H]([C@H]2OC(=O)C(OCC3C=CC=CC=3)=C2OCC2C=CC=CC=2)CO1)C,CC1(C)OC[C@@H]([C@H]2OC(=O)C(OCc3ccccc3)=C2OCc2ccccc2)O1,CC1(C)OC[C@@H]([C@H]2OC(=O)C(OCc3ccccc3)=C2OCc2ccccc2)O1,CC1(C)OC[C@@H]([C@H]2OC(=O)C(OCc3ccccc3)=C2OCc2ccccc2)O1,defined,0.0,0.0,0.0,inactive_or_not_measured,0.0,potency,uM,a9a10 PAM potentiation assay,UNKNOWN (assay conditions not recorded in source data),NOT_RECORDED (no replicate measurements in source data),/Users/nb/Documents/ligand-based-modeling/modulator-dataset-a9a10.csv,9.0,,9.0,O=C1O[C@H]([C@@H]2COCO2)C(OCc2ccccc2)=C1OCc1ccccc1,pass,,defined,2.0,2.0,0.0,0.0,False,0.0,0.0,0.0,1.0,0.0,0.0,CC1(C)OC[C@@H]([C@H]2OC(=O)C(OCc3ccccc3)=C2OCc2ccccc2)O1,"active=7, inactive=23, total=30",396.4390000000002,3.7085000000000026,63.22000000000001,0.0,6.0,7.0,4.0,2.0,0.3478260869565217,0.0,29.0,C23H24O6,True,O-alkyl,O-alkyl,1.0,1.0,1.0,1.0,,True,True,"5,6-O-isopropylidene acetonide, 2,3-bis-O-alkoxy",0
15.0,15,C=CCOC1C(C2OC(C)(C)OC2)OC(=O)C=1OCC=C,C=CCOC1=C(OCC=C)C(C2COC(C)(C)O2)OC1=O,C=CCOC1=C(OCC=C)C(C2COC(C)(C)O2)OC1=O,C=CCOC1=C(OCC=C)C(C2COC(C)(C)O2)OC1=O,undefined/mixed,0.0,0.0,0.0,inactive_or_not_measured,0.0,potency,uM,a9a10 PAM potentiation assay,UNKNOWN (assay conditions not recorded in source data),NOT_RECORDED (no replicate measurements in source data),/Users/nb/Documents/ligand-based-modeling/modulator-dataset-a9a10.csv,5.0,,5.0,O=C1C=CC(C2COCO2)O1,pass,,undefined/mixed,2.0,0.0,2.0,0.0,True,0.0,0.0,0.0,1.0,0.0,0.0,C=CCOC1=C(OCC=C)C(C2COC(C)(C)O2)OC1=O,"active=7, inactive=23, total=30",296.319,1.6801,63.22,0.0,6.0,7.0,2.0,0.0,0.5333333333333333,0.0,21.0,C15H20O6,True,O-alkyl,O-alkyl,1.0,1.0,1.0,1.0,,True,True,"5,6-O-isopropylidene acetonide, 2,3-bis-O-alkoxy",0
16.0,16,CCCOC1[C@H]([C@H]2OC(C)(C)OC2)OC(=O)C=1OCCC,CCCOC1=C(OCCC)[C@H]([C@@H]2COC(C)(C)O2)OC1=O,CCCOC1=C(OCCC)[C@H]([C@@H]2COC(C)(C)O2)OC1=O,CCCOC1=C(OCCC)[C@H]([C@@H]2COC(C)(C)O2)OC1=O,defined,0.0,0.0,0.0,inactive_or_not_measured,0.0,potency,uM,a9a10 PAM potentiation assay,UNKNOWN (assay conditions not recorded in source data),NOT_RECORDED (no replicate measurements in source data),/Users/nb/Documents/ligand-based-modeling/modulator-dataset-a9a10.csv,10.0,,10.0,O=C1C=C[C@H]([C@@H]2COCO2)O1,pass,,defined,2.0,2.0,0.0,0.0,False,0.0,0.0,0.0,1.0,0.0,0.0,CCCOC1=C(OCCC)[C@H]([C@@H]2COC(C)(C)O2)OC1=O,"active=7, inactive=23, total=30",300.35100000000006,2.1281,63.22,0.0,6.0,7.0,2.0,0.0,0.8,0.0,21.0,C15H24O6,True,O-alkyl,O-alkyl,1.0,1.0,1.0,1.0,,True,True,"5,6-O-isopropylidene acetonide, 2,3-bis-O-alkoxy",0
17.0,17,CC1(O[C@H]([C@H]2OC(=O)C(OCC#N)=C2OCC#N)CO1)C,CC1(C)OC[C@@H]([C@H]2OC(=O)C(OCC#N)=C2OCC#N)O1,CC1(C)OC[C@@H]([C@H]2OC(=O)C(OCC#N)=C2OCC#N)O1,CC1(C)OC[C@@H]([C@H]2OC(=O)C(OCC#N)=C2OCC#N)O1,defined,0.0,0.0,0.0,inactive_or_not_measured,0.0,potency,uM,a9a10 PAM potentiation assay,UNKNOWN (assay conditions not recorded in source data),NOT_RECORDED (no replicate measurements in source data),/Users/nb/Documents/ligand-based-modeling/modulator-dataset-a9a10.csv,1.0,,1.0,O=C1C=C[C@@H]([C@@H]2COCO2)O1,pass,,defined,2.0,2.0,0.0,0.0,False,0.0,0.0,0.0,1.0,0.0,0.0,CC1(C)OC[C@@H]([C@H]2OC(=O)C(OCC#N)=C2OCC#N)O1,"active=7, inactive=23, total=30",294.26300000000003,0.3552599999999999,110.80000000000004,0.0,8.0,5.0,2.0,0.0,0.6153846153846154,0.0,21.0,C13H14N2O6,True,O-alkyl,O-alkyl,1.0,1.0,1.0,1.0,,True,True,"5,6-O-isopropylidene acetonide, 2,3-bis-O-alkoxy",0
18.0,18,C1C=CC(COC2[C@@H]([C@H](O)CO)OC(=O)C=2O)=CC=1,O=C1O[C@H]([C@H](O)CO)C(OCc2ccccc2)=C1O,O=C1O[C@H]([C@H](O)CO)C(OCc2ccccc2)=C1O,O=C1O[C@H]([C@H](O)CO)C(OCc2ccccc2)C1=O,defined,1288.0,500.0,1.0,active,1288.0,potency,uM,a9a10 PAM potentiation assay,UNKNOWN (assay conditions not recorded in source data),NOT_RECORDED (no replicate measurements in source data),/Users/nb/Documents/ligand-based-modeling/modulator-dataset-a9a10.csv,11.0,,11.0,O=C1C=C(OCc2ccccc2)CO1,pass,,defined,2.0,2.0,0.0,0.0,False,0.0,0.0,0.0,1.0,0.0,0.0,O=C1O[C@H]([C@H](O)CO)C(OCc2ccccc2)=C1O,"active=7, inactive=23, total=30",266.24899999999997,0.2513999999999998,96.22,3.0,6.0,5.0,2.0,1.0,0.3076923076923077,0.0,19.0,C13H14O6,True,-OH,O-alkyl,0.0,1.0,0.0,1.0,,True,False,6-O-benzyl-type ether,0
19.0,19,C=CCOC1[C@@H]([C@H](O)CO)OC(=O)C=1O,C=CCOC1=C(O)C(=O)O[C@@H]1[C@H](O)CO,C=CCOC1=C(O)C(=O)O[C@@H]1[C@H](O)CO,C=CCOC1C(=O)C(=O)O[C@@H]1[C@H](O)CO,defined,0.0,0.0,0.0,inactive_or_not_measured,0.0,potency,uM,a9a10 PAM potentiation assay,UNKNOWN (assay conditions not recorded in source data),NOT_RECORDED (no replicate measurements in source data),/Users/nb/Documents/ligand-based-modeling/modulator-dataset-a9a10.csv,0.0,,0.0,O=C1C=CCO1,pass,,defined,2.0,2.0,0.0,0.0,False,0.0,0.0,0.0,1.0,0.0,0.0,C=CCOC1=C(O)C(=O)O[C@@H]1[C@H](O)CO,"active=7, inactive=23, total=30",216.18899999999996,-0.7628000000000001,96.22,3.0,6.0,5.0,1.0,0.0,0.4444444444444444,0.0,15.0,C9H12O6,True,-OH,O-alkyl,0.0,1.0,0.0,1.0,,True,False,3-O-alkoxy,0
20.0,20,CCCCOC1[C@@H]([C@H](O)CO)OC(=O)C=1O,CCCCOC1=C(O)C(=O)O[C@@H]1[C@H](O)CO,CCCCOC1=C(O)C(=O)O[C@@H]1[C@H](O)CO,CCCCOC1C(=O)C(=O)O[C@@H]1[C@H](O)CO,defined,0.0,0.0,0.0,inactive_or_not_measured,0.0,potency,uM,a9a10 PAM potentiation assay,UNKNOWN (assay conditions not recorded in source data),NOT_RECORDED (no replicate measurements in source data),/Users/nb/Documents/ligand-based-modeling/modulator-dataset-a9a10.csv,0.0,,0.0,O=C1C=CCO1,pass,,defined,2.0,2.0,0.0,0.0,False,0.0,0.0,0.0,1.0,0.0,0.0,CCCCOC1=C(O)C(=O)O[C@@H]1[C@H](O)CO,"active=7, inactive=23, total=30",232.2319999999999,-0.1487,96.22,3.0,6.0,6.0,1.0,0.0,0.7,0.0,16.0,C10H16O6,True,-OH,O-alkyl,0.0,1.0,0.0,1.0,,True,False,3-O-alkoxy,0
21.0,21,C1C(COC2[C@@H]([C@H](O)CO)OC(=O)C=2O)C1,O=C1O[C@H]([C@H](O)CO)C(OCC2CC2)=C1O,O=C1O[C@H]([C@H](O)CO)C(OCC2CC2)=C1O,O=C1O[C@H]([C@H](O)CO)C(OCC2CC2)C1=O,defined,0.0,0.0,0.0,inactive_or_not_measured,0.0,potency,uM,a9a10 PAM potentiation assay,UNKNOWN (assay conditions not recorded in source data),NOT_RECORDED (no replicate measurements in source data),/Users/nb/Documents/ligand-based-modeling/modulator-dataset-a9a10.csv,12.0,,12.0,O=C1C=C(OCC2CC2)CO1,pass,,defined,2.0,2.0,0.0,0.0,False,0.0,0.0,0.0,1.0,0.0,0.0,O=C1O[C@H]([C@H](O)CO)C(OCC2CC2)=C1O,"active=7, inactive=23, total=30",230.21599999999995,-0.5388000000000004,96.22,3.0,6.0,5.0,2.0,0.0,0.7,0.0,16.0,C10H14O6,True,-OH,O-alkyl,0.0,1.0,0.0,1.0,,True,False,3-O-alkoxy,0
22.0,22,COC1[C@@H]([C@H](O)CO)OC(=O)C=1OC,COC1=C(OC)[C@@H]([C@H](O)CO)OC1=O,COC1=C(OC)[C@@H]([C@H](O)CO)OC1=O,COC1=C(OC)[C@@H]([C@H](O)CO)OC1=O,defined,0.0,0.0,0.0,inactive_or_not_measured,0.0,potency,uM,a9a10 PAM potentiation assay,UNKNOWN (assay conditions not recorded in source data),NOT_RECORDED (no replicate measurements in source data),/Users/nb/Documents/ligand-based-modeling/modulator-dataset-a9a10.csv,0.0,,0.0,O=C1C=CCO1,pass,,defined,2.0,2.0,0.0,0.0,False,0.0,0.0,0.0,1.0,0.0,0.0,COC1=C(OC)[C@@H]([C@H](O)CO)OC1=O,"active=7, inactive=23, total=30",204.17799999999997,-1.2306,85.22000000000001,2.0,6.0,4.0,1.0,0.0,0.625,0.0,14.0,C8H12O6,True,O-alkyl,O-alkyl,1.0,1.0,1.0,1.0,,True,False,"2,3-bis-O-alkoxy",0
23.0,23,C(O)[C@H]1OC(=O)[C@H](O)[C@@H](O)[C@@H]1O,O=C1O[C@H](CO)[C@@H](O)[C@H](O)[C@H]1O,O=C1O[C@H](CO)[C@@H](O)[C@H](O)[C@H]1O,O=C1OC(CO)C(O)C(O)C1O,defined,0.0,0.0,0.0,inactive_or_not_measured,0.0,potency,uM,a9a10 PAM potentiation assay,UNKNOWN (assay conditions not recorded in source data),NOT_RECORDED (no replicate measurements in source data),/Users/nb/Documents/ligand-based-modeling/modulator-dataset-a9a10.csv,13.0,,13.0,O=C1CCCCO1,pass,,defined,4.0,4.0,0.0,0.0,False,0.0,0.0,0.0,1.0,0.0,0.0,O=C1O[C@H](CO)[C@@H](O)[C@H](O)[C@H]1O,"active=7, inactive=23, total=30",178.14,-3.0132000000000008,107.22,4.0,6.0,1.0,1.0,0.0,0.8333333333333334,0.0,12.0,C6H10O6,False,,,,,,,,False,False,non_ascorbate,0
24.0,24,CCCOC1C(=O)O[C@H]([C@H](O)CO)C=1O,CCCOC1=C(O)[C@@H]([C@H](O)CO)OC1=O,CCCOC1=C(O)[C@@H]([C@H](O)CO)OC1=O,CCCOc1c(O)oc([C@H](O)CO)c1O,defined,1202.0,190.0,1.0,active,1202.0,potency,uM,a9a10 PAM potentiation assay,UNKNOWN (assay conditions not recorded in source data),NOT_RECORDED (no replicate measurements in source data),/Users/nb/Documents/ligand-based-modeling/modulator-dataset-a9a10.csv,0.0,,0.0,O=C1C=CCO1,pass,,defined,2.0,2.0,0.0,0.0,False,0.0,0.0,0.0,1.0,0.0,0.0,CCCOC1=C(O)[C@@H]([C@H](O)CO)OC1=O,"active=7, inactive=23, total=30",218.205,-0.5388,96.22,3.0,6.0,5.0,1.0,0.0,0.6666666666666666,0.0,15.0,C9H14O6,True,O-alkyl,-OH,1.0,0.0,1.0,0.0,,True,False,2-O-alkoxy,0
25.0,25,C(Br)[C@H]([C@H]1OC(=O)C(O)=C1O)O,O=C1O[C@H]([C@H](O)CBr)C(O)=C1O,O=C1O[C@H]([C@H](O)CBr)C(O)=C1O,Oc1oc([C@H](O)CBr)c(O)c1O,defined,2.63,180.0,1.0,active,2.63,potency,uM,a9a10 PAM potentiation assay,UNKNOWN (assay conditions not recorded in source data),NOT_RECORDED (no replicate measurements in source data),/Users/nb/Documents/ligand-based-modeling/modulator-dataset-a9a10.csv,0.0,,0.0,O=C1C=CCO1,pass,,defined,2.0,2.0,0.0,0.0,False,0.0,0.0,0.0,1.0,0.0,0.0,O=C1O[C@H]([C@H](O)CBr)C(O)=C1O,"active=7, inactive=23, total=30",239.021,-0.0048,86.99000000000001,3.0,5.0,2.0,1.0,0.0,0.5,0.0,12.0,C6H7BrO5,True,-OH,-OH,0.0,0.0,0.0,0.0,,True,False,6-bromo-6-deoxy,0
26.0,26,C(O)[C@H]([C@H]1OC(=O)[C@@H](O)[C@H]1O)O,O=C1O[C@H]([C@H](O)CO)[C@H](O)[C@@H]1O,O=C1O[C@H]([C@H](O)CO)[C@H](O)[C@@H]1O,O=C1OC([C@H](O)CO)C(O)C1O,defined,0.0,0.0,0.0,inactive_or_not_measured,0.0,potency,uM,a9a10 PAM potentiation assay,UNKNOWN (assay conditions not recorded in source data),NOT_RECORDED (no replicate measurements in source data),/Users/nb/Documents/ligand-based-modeling/modulator-dataset-a9a10.csv,14.0,,14.0,O=C1CCCO1,pass,,defined,4.0,4.0,0.0,0.0,False,0.0,0.0,0.0,1.0,0.0,0.0,O=C1O[C@H]([C@H](O)CO)[C@H](O)[C@@H]1O,"active=7, inactive=23, total=30",178.14,-3.013199999999999,107.22,4.0,6.0,2.0,1.0,0.0,0.8333333333333334,0.0,12.0,C6H10O6,False,,,,,,,,False,False,non_ascorbate,0
27.0,27,CC1(O[C@H]([C@@H]2OC(=O)[C@@H]3OC(O[C@H]23)(C)C)CO1)C,CC1(C)OC[C@@H]([C@@H]2OC(=O)[C@@H]3OC(C)(C)O[C@H]23)O1,CC1(C)OC[C@@H]([C@@H]2OC(=O)[C@@H]3OC(C)(C)O[C@H]23)O1,CC1(C)OC[C@@H]([C@@H]2OC(=O)C3OC(C)(C)O[C@@H]32)O1,defined,0.0,0.0,0.0,inactive_or_not_measured,0.0,potency,uM,a9a10 PAM potentiation assay,UNKNOWN (assay conditions not recorded in source data),NOT_RECORDED (no replicate measurements in source data),/Users/nb/Documents/ligand-based-modeling/modulator-dataset-a9a10.csv,15.0,,15.0,O=C1O[C@@H]([C@@H]2COCO2)[C@H]2OCO[C@@H]12,pass,,defined,4.0,4.0,0.0,0.0,False,0.0,0.0,0.0,1.0,0.0,0.0,CC1(C)OC[C@@H]([C@@H]2OC(=O)[C@@H]3OC(C)(C)O[C@H]23)O1,"active=7, inactive=23, total=30",258.2699999999999,0.5833999999999993,63.22000000000001,0.0,6.0,1.0,3.0,0.0,0.9166666666666666,0.0,18.0,C12H18O6,False,,,,,,,,False,True,non_ascorbate,0
28.0,28,C(O)[C@H]1OC(=O)[C@H](O)[C@@H]1O,O=C1O[C@H](CO)[C@@H](O)[C@H]1O,O=C1O[C@H](CO)[C@@H](O)[C@H]1O,O=C1OC(CO)C(O)C1O,defined,0.0,0.0,0.0,inactive_or_not_measured,0.0,potency,uM,a9a10 PAM potentiation assay,UNKNOWN (assay conditions not recorded in source data),NOT_RECORDED (no replicate measurements in source data),/Users/nb/Documents/ligand-based-modeling/modulator-dataset-a9a10.csv,14.0,,14.0,O=C1CCCO1,pass,,defined,3.0,3.0,0.0,0.0,False,0.0,0.0,0.0,1.0,0.0,0.0,O=C1O[C@H](CO)[C@@H](O)[C@H]1O,"active=7, inactive=23, total=30",148.114,-2.3741000000000008,86.99000000000001,3.0,5.0,1.0,1.0,0.0,0.8,0.0,10.0,C5H8O5,False,,,,,,,,False,False,non_ascorbate,0
29.0,29,C([C@@H](O)C1OC(=O)[C@@H](O)[C@H]1O)=O,O=C[C@@H](O)C1OC(=O)[C@@H](O)[C@H]1O,O=C[C@@H](O)C1OC(=O)[C@@H](O)[C@H]1O,O=C1OC(C(=O)CO)C(O)C1O,undefined/mixed,0.0,0.0,0.0,inactive_or_not_measured,0.0,potency,uM,a9a10 PAM potentiation assay,UNKNOWN (assay conditions not recorded in source data),NOT_RECORDED (no replicate measurements in source data),/Users/nb/Documents/ligand-based-modeling/modulator-dataset-a9a10.csv,14.0,,14.0,O=C1CCCO1,pass,,undefined/mixed,4.0,3.0,1.0,0.0,True,0.0,0.0,0.0,1.0,0.0,0.0,O=C[C@@H](O)C1OC(=O)[C@@H](O)[C@H]1O,"active=7, inactive=23, total=30",176.124,-2.8066,104.06,3.0,6.0,2.0,1.0,0.0,0.6666666666666666,0.0,12.0,C6H8O6,False,,,,,,,,False,False,non_ascorbate,0
30.0,30,C(O)[C@@H](O)[C@H]1OC2O[C@@H](O[C@@H]2[C@H]1O)C(Cl)(Cl)Cl,OC[C@@H](O)[C@H]1OC2O[C@H](C(Cl)(Cl)Cl)O[C@@H]2[C@H]1O,OC[C@@H](O)[C@H]1OC2O[C@H](C(Cl)(Cl)Cl)O[C@@H]2[C@H]1O,OC[C@@H](O)[C@H]1OC2O[C@H](C(Cl)(Cl)Cl)O[C@@H]2[C@H]1O,undefined/mixed,0.0,0.0,0.0,inactive_or_not_measured,0.0,potency,uM,a9a10 PAM potentiation assay,UNKNOWN (assay conditions not recorded in source data),NOT_RECORDED (no replicate measurements in source data),/Users/nb/Documents/ligand-based-modeling/modulator-dataset-a9a10.csv,16.0,,16.0,C1C[C@H]2OCOC2O1,pass,,undefined/mixed,6.0,5.0,1.0,0.0,True,0.0,0.0,0.0,1.0,0.0,0.0,OC[C@@H](O)[C@H]1OC2O[C@H](C(Cl)(Cl)Cl)O[C@@H]2[C@H]1O,"active=7, inactive=23, total=30",309.529,-0.4628999999999993,88.38000000000001,3.0,6.0,2.0,2.0,0.0,1.0,0.0,17.0,C8H11Cl3O6,False,,,,,,,,False,False,non_ascorbate,0
,MC-6,C#CCOC1=C(O)C(=O)O[C@@H]1[C@H](O)CO,C#CCOC1=C(O)C(=O)O[C@@H]1[C@H](O)CO,,,,,,,,,,,,,,,,,,,,,,,,,,,,,,,,,,,,,,,,,,,,,,,True,-OH,O-alkyl,0.0,1.0,0.0,1.0,,True,False,3-O-alkoxy,1
,NEG-1-no_OH,CC[C@@H]1OC(=O)C(O)=C1O,CC[C@@H]1OC(=O)C(O)=C1O,,,,,,,,,,,,,,,,,,,,,,,,,,,,,,,,,,,,,,,,,,,,,,,True,-OH,-OH,0.0,0.0,0.0,0.0,,True,False,free ascorbate,1
,NEG-2-no_OH,CCC1OC(=O)C(O)=C1O,CCC1OC(=O)C(O)=C1O,,,,,,,,,,,,,,,,,,,,,,,,,,,,,,,,,,,,,,,,,,,,,,,True,-OH,-OH,0.0,0.0,0.0,0.0,,True,False,free ascorbate,1
,NEG-18-no_OH,CC[C@@H]1OC(=O)C(O)=C1OCc1ccccc1,CC[C@@H]1OC(=O)C(O)=C1OCc1ccccc1,,,,,,,,,,,,,,,,,,,,,,,,,,,,,,,,,,,,,,,,,,,,,,,True,-OH,O-alkyl,0.0,1.0,0.0,1.0,,True,False,6-O-benzyl-type ether,1
,NEG-24-no_OH,CCCOC1=C(O)[C@H](CC)OC1=O,CCCOC1=C(O)[C@H](CC)OC1=O,,,,,,,,,,,,,,,,,,,,,,,,,,,,,,,,,,,,,,,,,,,,,,,True,O-alkyl,-OH,1.0,0.0,1.0,0.0,,True,False,2-O-alkoxy,1
,NEG-25-no_OH,O=C1O[C@@H](CCBr)C(O)=C1O,O=C1O[C@@H](CCBr)C(O)=C1O,,,,,,,,,,,,,,,,,,,,,,,,,,,,,,,,,,,,,,,,,,,,,,,True,-OH,-OH,0.0,0.0,0.0,0.0,,True,False,free ascorbate,1
,NEG-25-no_Br_or_alkyne,CC[C@@H](O)[C@H]1OC(=O)C(O)=C1O,CC[C@@H](O)[C@H]1OC(=O)C(O)=C1O,,,,,,,,,,,,,,,,,,,,,,,,,,,,,,,,,,,,,,,,,,,,,,,True,-OH,-OH,0.0,0.0,0.0,0.0,,True,False,free ascorbate,1
,MC-12,O=P(O)(O)C(O)=C(O)C[C@H](O)CBr,O=P(O)(O)C(O)=C(O)C[C@H](O)CBr,,,,,,,,,,,,,,,,,,,,,,,,,,,,,,,,,,,,,,,,,,,,,,,False,,,,,,,,True,False,non_ascorbate,1
,MC-44,Br.Br.Br.Br.C.C.C#C.O=C(Br)C(O)=CBr,Br.Br.Br.Br.C.C.C#C.O=C(Br)C(O)=CBr,,,,,,,,,,,,,,,,,,,,,,,,,,,,,,,,,,,,,,,,,,,,,,,False,,,,,,,,False,False,non_ascorbate,1
,MC-13,Cl.Cl.O=C(Cl)C(O)=CO,Cl.Cl.O=C(Cl)C(O)=CO,,,,,,,,,,,,,,,,,,,,,,,,,,,,,,,,,,,,,,,,,,,,,,,False,,,,,,,,True,False,non_ascorbate,1
,MC-14,Br.Br.O=C(Br)C(O)=CO,Br.Br.O=C(Br)C(O)=CO,,,,,,,,,,,,,,,,,,,,,,,,,,,,,,,,,,,,,,,,,,,,,,,False,,,,,,,,True,False,non_ascorbate,1
,MC-15,I.I.O=C(I)C(O)=CO,I.I.O=C(I)C(O)=CO,,,,,,,,,,,,,,,,,,,,,,,,,,,,,,,,,,,,,,,,,,,,,,,False,,,,,,,,True,False,non_ascorbate,1
,MC-16,C.C.Cl.Cl.Cl.Cl.O=C(Cl)C(O)=CO,C.C.Cl.Cl.Cl.Cl.O=C(Cl)C(O)=CO,,,,,,,,,,,,,,,,,,,,,,,,,,,,,,,,,,,,,,,,,,,,,,,False,,,,,,,,True,False,non_ascorbate,1
,MC-17,Br.Br.Br.Br.C.C.O=C(Br)C(O)=CO,Br.Br.Br.Br.C.C.O=C(Br)C(O)=CO,,,,,,,,,,,,,,,,,,,,,,,,,,,,,,,,,,,,,,,,,,,,,,,False,,,,,,,,True,False,non_ascorbate,1
,MC-18,C.C.I.I.I.I.O=C(I)C(O)=CO,C.C.I.I.I.I.O=C(I)C(O)=CO,,,,,,,,,,,,,,,,,,,,,,,,,,,,,,,,,,,,,,,,,,,,,,,False,,,,,,,,True,False,non_ascorbate,1
,MC-22,C.C.Cl.Cl.Cl.Cl.O=C(Cl)C(O)=CCl,C.C.Cl.Cl.Cl.Cl.O=C(Cl)C(O)=CCl,,,,,,,,,,,,,,,,,,,,,,,,,,,,,,,,,,,,,,,,,,,,,,,False,,,,,,,,False,False,non_ascorbate,1
,MC-23,Br.Br.Br.Br.C.C.O=C(Br)C(O)=CBr,Br.Br.Br.Br.C.C.O=C(Br)C(O)=CBr,,,,,,,,,,,,,,,,,,,,,,,,,,,,,,,,,,,,,,,,,,,,,,,False,,,,,,,,False,False,non_ascorbate,1
,MC-24,C.C.I.I.I.I.O=C(I)C(O)=CI,C.C.I.I.I.I.O=C(I)C(O)=CI,,,,,,,,,,,,,,,,,,,,,,,,,,,,,,,,,,,,,,,,,,,,,,,False,,,,,,,,False,False,non_ascorbate,1
,MC-31,C.C.CC.Cl.Cl.Cl.Cl.O=C(Cl)C(O)=CCl,C.C.CC.Cl.Cl.Cl.Cl.O=C(Cl)C(O)=CCl,,,,,,,,,,,,,,,,,,,,,,,,,,,,,,,,,,,,,,,,,,,,,,,False,,,,,,,,False,False,non_ascorbate,1
,MC-32,Br.Br.Br.Br.C.C.CC.O=C(Br)C(O)=CBr,Br.Br.Br.Br.C.C.CC.O=C(Br)C(O)=CBr,,,,,,,,,,,,,,,,,,,,,,,,,,,,,,,,,,,,,,,,,,,,,,,False,,,,,,,,False,False,non_ascorbate,1
,MC-33,C.C.CC.I.I.I.I.O=C(I)C(O)=CI,C.C.CC.I.I.I.I.O=C(I)C(O)=CI,,,,,,,,,,,,,,,,,,,,,,,,,,,,,,,,,,,,,,,,,,,,,,,False,,,,,,,,False,False,non_ascorbate,1
,MC-43,C.C.C#C.Cl.Cl.Cl.Cl.O=C(Cl)C(O)=CCl,C.C.C#C.Cl.Cl.Cl.Cl.O=C(Cl)C(O)=CCl,,,,,,,,,,,,,,,,,,,,,,,,,,,,,,,,,,,,,,,,,,,,,,,False,,,,,,,,False,False,non_ascorbate,1
,MC-45,C.C.C#C.I.I.I.I.O=C(I)C(O)=CI,C.C.C#C.I.I.I.I.O=C(I)C(O)=CI,,,,,,,,,,,,,,,,,,,,,,,,,,,,,,,,,,,,,,,,,,,,,,,False,,,,,,,,False,False,non_ascorbate,1
,MC-46,C.C.Cl.Cl.Cl.Cl.O=C(Cl)C(Cl)=CCl,C.C.Cl.Cl.Cl.Cl.O=C(Cl)C(Cl)=CCl,,,,,,,,,,,,,,,,,,,,,,,,,,,,,,,,,,,,,,,,,,,,,,,False,,,,,,,,False,False,non_ascorbate,1
,MC-55,C.C.CC.CC.Cl.Cl.Cl.Cl.O=C(Cl)C(Cl)=CCl,C.C.CC.CC.Cl.Cl.Cl.Cl.O=C(Cl)C(Cl)=CCl,,,,,,,,,,,,,,,,,,,,,,,,,,,,,,,,,,,,,,,,,,,,,,,False,,,,,,,,False,False,non_ascorbate,1
,MC-57,C.C.CC.CC.I.I.I.I.O=C(I)C(I)=CI,C.C.CC.CC.I.I.I.I.O=C(I)C(I)=CI,,,,,,,,,,,,,,,,,,,,,,,,,,,,,,,,,,,,,,,,,,,,,,,False,,,,,,,,False,False,non_ascorbate,1
,MC-58,C.C.C#N.C#N.Cl.Cl.Cl.Cl.O=C(Cl)C(Cl)=CCl,C.C.C#N.C#N.Cl.Cl.Cl.Cl.O=C(Cl)C(Cl)=CCl,,,,,,,,,,,,,,,,,,,,,,,,,,,,,,,,,,,,,,,,,,,,,,,False,,,,,,,,False,False,non_ascorbate,1
,MC-60,C.C.C#N.C#N.I.I.I.I.O=C(I)C(I)=CI,C.C.C#N.C#N.I.I.I.I.O=C(I)C(I)=CI,,,,,,,,,,,,,,,,,,,,,,,,,,,,,,,,,,,,,,,,,,,,,,,False,,,,,,,,False,False,non_ascorbate,1
,MC-79,CC.Cl.Cl.O=C(Cl)C(Cl)=CO,CC.Cl.Cl.O=C(Cl)C(Cl)=CO,,,,,,,,,,,,,,,,,,,,,,,,,,,,,,,,,,,,,,,,,,,,,,,False,,,,,,,,False,False,non_ascorbate,1
,MC-80,Br.Br.CC.O=C(Br)C(Br)=CO,Br.Br.CC.O=C(Br)C(Br)=CO,,,,,,,,,,,,,,,,,,,,,,,,,,,,,,,,,,,,,,,,,,,,,,,False,,,,,,,,False,False,non_ascorbate,1
,MC-81,CC.I.I.O=C(I)C(I)=CO,CC.I.I.O=C(I)C(I)=CO,,,,,,,,,,,,,,,,,,,,,,,,,,,,,,,,,,,,,,,,,,,,,,,False,,,,,,,,False,False,non_ascorbate,1
,MC-82,CBr.Cl.O=C(Cl)C(O)=CO,CBr.Cl.O=C(Cl)C(O)=CO,,,,,,,,,,,,,,,,,,,,,,,,,,,,,,,,,,,,,,,,,,,,,,,False,,,,,,,,True,False,non_ascorbate,1
,MC-83,Br.CBr.O=C(Br)C(O)=CO,Br.CBr.O=C(Br)C(O)=CO,,,,,,,,,,,,,,,,,,,,,,,,,,,,,,,,,,,,,,,,,,,,,,,False,,,,,,,,True,False,non_ascorbate,1
,MC-84,CBr.I.O=C(I)C(O)=CO,CBr.I.O=C(I)C(O)=CO,,,,,,,,,,,,,,,,,,,,,,,,,,,,,,,,,,,,,,,,,,,,,,,False,,,,,,,,True,False,non_ascorbate,1
,MC-94,Cl.Cl.Cl.Cl.Cl.Cl.Cl.Cl.Cl.ClC(Cl)Cl,Cl.Cl.Cl.Cl.Cl.Cl.Cl.Cl.Cl.ClC(Cl)Cl,,,,,,,,,,,,,,,,,,,,,,,,,,,,,,,,,,,,,,,,,,,,,,,False,,,,,,,,False,False,non_ascorbate,1
,MC-95,Br.Br.Br.Br.Br.Br.Br.Br.Br.ClC(Cl)Cl,Br.Br.Br.Br.Br.Br.Br.Br.Br.ClC(Cl)Cl,,,,,,,,,,,,,,,,,,,,,,,,,,,,,,,,,,,,,,,,,,,,,,,False,,,,,,,,False,False,non_ascorbate,1
,MC-96,ClC(Cl)Cl.I.I.I.I.I.I.I.I.I,ClC(Cl)Cl.I.I.I.I.I.I.I.I.I,,,,,,,,,,,,,,,,,,,,,,,,,,,,,,,,,,,,,,,,,,,,,,,False,,,,,,,,False,False,non_ascorbate,1
,MC-0,O=P(O)(O)C(O)=C(O)C[C@H](O)CO,O=P(O)(O)C(O)=C(O)C[C@H](O)CO,,,,,,,,,,,,,,,,,,,,,,,,,,,,,,,,,,,,,,,,,,,,,,,False,,,,,,,,True,False,non_ascorbate,1
,MC-1,O=P(O)(O)C(O)=C(O)CC(O)CO,O=P(O)(O)C(O)=C(O)CC(O)CO,,,,,,,,,,,,,,,,,,,,,,,,,,,,,,,,,,,,,,,,,,,,,,,False,,,,,,,,True,False,non_ascorbate,1
,MC-5,C#CCOC(C[C@H]1COC(C)(C)O1)=C(O)P(=O)(O)O,C#CCOC(C[C@H]1COC(C)(C)O1)=C(O)P(=O)(O)O,,,,,,,,,,,,,,,,,,,,,,,,,,,,,,,,,,,,,,,,,,,,,,,False,,,,,,,,True,True,non_ascorbate,1
,MC-7,N#CCOC1=C(O)C(=O)O[C@@H]1[C@H](O)CO,N#CCOC1=C(O)C(=O)O[C@@H]1[C@H](O)CO,,,,,,,,,,,,,,,,,,,,,,,,,,,,,,,,,,,,,,,,,,,,,,,True,-OH,O-alkyl,0.0,1.0,0.0,1.0,,True,False,3-O-alkoxy,1
,MC-8,O=P(O)(O)C(O)=C(C[C@H](O)CO)OCc1ccccc1,O=P(O)(O)C(O)=C(C[C@H](O)CO)OCc1ccccc1,,,,,,,,,,,,,,,,,,,,,,,,,,,,,,,,,,,,,,,,,,,,,,,False,,,,,,,,True,False,non_ascorbate,1
,MC-2,CC1(C)OC[C@@H](CC(O)=C(O)P(=O)(O)O)O1,CC1(C)OC[C@@H](CC(O)=C(O)P(=O)(O)O)O1,,,,,,,,,,,,,,,,,,,,,,,,,,,,,,,,,,,,,,,,,,,,,,,False,,,,,,,,True,True,non_ascorbate,1
,MC-9,CCCOC(=C(O)C[C@H](O)CO)P(=O)(O)O,CCCOC(=C(O)C[C@H](O)CO)P(=O)(O)O,,,,,,,,,,,,,,,,,,,,,,,,,,,,,,,,,,,,,,,,,,,,,,,False,,,,,,,,True,False,non_ascorbate,1
,MC-19,CCCCCCCC.Cl.Cl.Cl.Cl.O=C(Cl)C(O)=CO,CCCCCCCC.Cl.Cl.Cl.Cl.O=C(Cl)C(O)=CO,,,,,,,,,,,,,,,,,,,,,,,,,,,,,,,,,,,,,,,,,,,,,,,False,,,,,,,,True,False,non_ascorbate,1
,MC-20,Br.Br.Br.Br.CCCCCCCC.O=C(Br)C(O)=CO,Br.Br.Br.Br.CCCCCCCC.O=C(Br)C(O)=CO,,,,,,,,,,,,,,,,,,,,,,,,,,,,,,,,,,,,,,,,,,,,,,,False,,,,,,,,True,False,non_ascorbate,1
,MC-21,CCCCCCCC.I.I.I.I.O=C(I)C(O)=CO,CCCCCCCC.I.I.I.I.O=C(I)C(O)=CO,,,,,,,,,,,,,,,,,,,,,,,,,,,,,,,,,,,,,,,,,,,,,,,False,,,,,,,,True,False,non_ascorbate,1
,MC-25,C.C.Cl.Cl.Cl.Cl.O=C(Cl)C(O)=CCl.c1ccccc1,C.C.Cl.Cl.Cl.Cl.O=C(Cl)C(O)=CCl.c1ccccc1,,,,,,,,,,,,,,,,,,,,,,,,,,,,,,,,,,,,,,,,,,,,,,,False,,,,,,,,False,False,non_ascorbate,1
,MC-26,Br.Br.Br.Br.C.C.O=C(Br)C(O)=CBr.c1ccccc1,Br.Br.Br.Br.C.C.O=C(Br)C(O)=CBr.c1ccccc1,,,,,,,,,,,,,,,,,,,,,,,,,,,,,,,,,,,,,,,,,,,,,,,False,,,,,,,,False,False,non_ascorbate,1
,MC-27,C.C.I.I.I.I.O=C(I)C(O)=CI.c1ccccc1,C.C.I.I.I.I.O=C(I)C(O)=CI.c1ccccc1,,,,,,,,,,,,,,,,,,,,,,,,,,,,,,,,,,,,,,,,,,,,,,,False,,,,,,,,False,False,non_ascorbate,1
,MC-28,C.C.C=C.Cl.Cl.Cl.Cl.O=C(Cl)C(O)=CCl,C.C.C=C.Cl.Cl.Cl.Cl.O=C(Cl)C(O)=CCl,,,,,,,,,,,,,,,,,,,,,,,,,,,,,,,,,,,,,,,,,,,,,,,False,,,,,,,,False,False,non_ascorbate,1
,MC-29,Br.Br.Br.Br.C.C.C=C.O=C(Br)C(O)=CBr,Br.Br.Br.Br.C.C.C=C.O=C(Br)C(O)=CBr,,,,,,,,,,,,,,,,,,,,,,,,,,,,,,,,,,,,,,,,,,,,,,,False,,,,,,,,False,False,non_ascorbate,1
,MC-30,C.C.C=C.I.I.I.I.O=C(I)C(O)=CI,C.C.C=C.I.I.I.I.O=C(I)C(O)=CI,,,,,,,,,,,,,,,,,,,,,,,,,,,,,,,,,,,,,,,,,,,,,,,False,,,,,,,,False,False,non_ascorbate,1
,MC-34,C.C.CCC.Cl.Cl.Cl.Cl.O=C(Cl)C(O)=CCl,C.C.CCC.Cl.Cl.Cl.Cl.O=C(Cl)C(O)=CCl,,,,,,,,,,,,,,,,,,,,,,,,,,,,,,,,,,,,,,,,,,,,,,,False,,,,,,,,False,False,non_ascorbate,1
,MC-35,Br.Br.Br.Br.C.C.CCC.O=C(Br)C(O)=CBr,Br.Br.Br.Br.C.C.CCC.O=C(Br)C(O)=CBr,,,,,,,,,,,,,,,,,,,,,,,,,,,,,,,,,,,,,,,,,,,,,,,False,,,,,,,,False,False,non_ascorbate,1
,MC-36,C.C.CCC.I.I.I.I.O=C(I)C(O)=CI,C.C.CCC.I.I.I.I.O=C(I)C(O)=CI,,,,,,,,,,,,,,,,,,,,,,,,,,,,,,,,,,,,,,,,,,,,,,,False,,,,,,,,False,False,non_ascorbate,1
,MC-37,C.C.C1CC1.Cl.Cl.Cl.Cl.O=C(Cl)C(O)=CCl,C.C.C1CC1.Cl.Cl.Cl.Cl.O=C(Cl)C(O)=CCl,,,,,,,,,,,,,,,,,,,,,,,,,,,,,,,,,,,,,,,,,,,,,,,False,,,,,,,,False,False,non_ascorbate,1
,MC-38,Br.Br.Br.Br.C.C.C1CC1.O=C(Br)C(O)=CBr,Br.Br.Br.Br.C.C.C1CC1.O=C(Br)C(O)=CBr,,,,,,,,,,,,,,,,,,,,,,,,,,,,,,,,,,,,,,,,,,,,,,,False,,,,,,,,False,False,non_ascorbate,1
,MC-39,C.C.C1CC1.I.I.I.I.O=C(I)C(O)=CI,C.C.C1CC1.I.I.I.I.O=C(I)C(O)=CI,,,,,,,,,,,,,,,,,,,,,,,,,,,,,,,,,,,,,,,,,,,,,,,False,,,,,,,,False,False,non_ascorbate,1
,MC-40,C.C.CC1CCCCC1.Cl.Cl.Cl.Cl.O=C(Cl)C(O)=CCl,C.C.CC1CCCCC1.Cl.Cl.Cl.Cl.O=C(Cl)C(O)=CCl,,,,,,,,,,,,,,,,,,,,,,,,,,,,,,,,,,,,,,,,,,,,,,,False,,,,,,,,False,False,non_ascorbate,1
,MC-41,Br.Br.Br.Br.C.C.CC1CCCCC1.O=C(Br)C(O)=CBr,Br.Br.Br.Br.C.C.CC1CCCCC1.O=C(Br)C(O)=CBr,,,,,,,,,,,,,,,,,,,,,,,,,,,,,,,,,,,,,,,,,,,,,,,False,,,,,,,,False,False,non_ascorbate,1
,MC-42,C.C.CC1CCCCC1.I.I.I.I.O=C(I)C(O)=CI,C.C.CC1CCCCC1.I.I.I.I.O=C(I)C(O)=CI,,,,,,,,,,,,,,,,,,,,,,,,,,,,,,,,,,,,,,,,,,,,,,,False,,,,,,,,False,False,non_ascorbate,1
,MC-47,Br.Br.Br.Br.C.C.O=C(Br)C(Br)=CBr,Br.Br.Br.Br.C.C.O=C(Br)C(Br)=CBr,,,,,,,,,,,,,,,,,,,,,,,,,,,,,,,,,,,,,,,,,,,,,,,False,,,,,,,,False,False,non_ascorbate,1
,MC-48,C.C.I.I.I.I.O=C(I)C(I)=CI,C.C.I.I.I.I.O=C(I)C(I)=CI,,,,,,,,,,,,,,,,,,,,,,,,,,,,,,,,,,,,,,,,,,,,,,,False,,,,,,,,False,False,non_ascorbate,1
,MC-49,C.C.Cl.Cl.Cl.Cl.O=C(Cl)C(Cl)=CCl.c1ccccc1.c1ccccc1,C.C.Cl.Cl.Cl.Cl.O=C(Cl)C(Cl)=CCl.c1ccccc1.c1ccccc1,,,,,,,,,,,,,,,,,,,,,,,,,,,,,,,,,,,,,,,,,,,,,,,False,,,,,,,,False,False,non_ascorbate,1
,MC-50,Br.Br.Br.Br.C.C.O=C(Br)C(Br)=CBr.c1ccccc1.c1ccccc1,Br.Br.Br.Br.C.C.O=C(Br)C(Br)=CBr.c1ccccc1.c1ccccc1,,,,,,,,,,,,,,,,,,,,,,,,,,,,,,,,,,,,,,,,,,,,,,,False,,,,,,,,False,False,non_ascorbate,1
,MC-51,C.C.I.I.I.I.O=C(I)C(I)=CI.c1ccccc1.c1ccccc1,C.C.I.I.I.I.O=C(I)C(I)=CI.c1ccccc1.c1ccccc1,,,,,,,,,,,,,,,,,,,,,,,,,,,,,,,,,,,,,,,,,,,,,,,False,,,,,,,,False,False,non_ascorbate,1
,MC-52,C.C.C=C.C=C.Cl.Cl.Cl.Cl.O=C(Cl)C(Cl)=CCl,C.C.C=C.C=C.Cl.Cl.Cl.Cl.O=C(Cl)C(Cl)=CCl,,,,,,,,,,,,,,,,,,,,,,,,,,,,,,,,,,,,,,,,,,,,,,,False,,,,,,,,False,False,non_ascorbate,1
,MC-53,Br.Br.Br.Br.C.C.C=C.C=C.O=C(Br)C(Br)=CBr,Br.Br.Br.Br.C.C.C=C.C=C.O=C(Br)C(Br)=CBr,,,,,,,,,,,,,,,,,,,,,,,,,,,,,,,,,,,,,,,,,,,,,,,False,,,,,,,,False,False,non_ascorbate,1
,MC-54,C.C.C=C.C=C.I.I.I.I.O=C(I)C(I)=CI,C.C.C=C.C=C.I.I.I.I.O=C(I)C(I)=CI,,,,,,,,,,,,,,,,,,,,,,,,,,,,,,,,,,,,,,,,,,,,,,,False,,,,,,,,False,False,non_ascorbate,1
,MC-56,Br.Br.Br.Br.C.C.CC.CC.O=C(Br)C(Br)=CBr,Br.Br.Br.Br.C.C.CC.CC.O=C(Br)C(Br)=CBr,,,,,,,,,,,,,,,,,,,,,,,,,,,,,,,,,,,,,,,,,,,,,,,False,,,,,,,,False,False,non_ascorbate,1
,MC-59,Br.Br.Br.Br.C.C.C#N.C#N.O=C(Br)C(Br)=CBr,Br.Br.Br.Br.C.C.C#N.C#N.O=C(Br)C(Br)=CBr,,,,,,,,,,,,,,,,,,,,,,,,,,,,,,,,,,,,,,,,,,,,,,,False,,,,,,,,False,False,non_ascorbate,1
,MC-61,Cl.Cl.O=C(Cl)C(O)=CCl.c1ccccc1,Cl.Cl.O=C(Cl)C(O)=CCl.c1ccccc1,,,,,,,,,,,,,,,,,,,,,,,,,,,,,,,,,,,,,,,,,,,,,,,False,,,,,,,,False,False,non_ascorbate,1
,MC-62,Br.Br.O=C(Br)C(O)=CBr.c1ccccc1,Br.Br.O=C(Br)C(O)=CBr.c1ccccc1,,,,,,,,,,,,,,,,,,,,,,,,,,,,,,,,,,,,,,,,,,,,,,,False,,,,,,,,False,False,non_ascorbate,1
,MC-63,I.I.O=C(I)C(O)=CI.c1ccccc1,I.I.O=C(I)C(O)=CI.c1ccccc1,,,,,,,,,,,,,,,,,,,,,,,,,,,,,,,,,,,,,,,,,,,,,,,False,,,,,,,,False,False,non_ascorbate,1
,MC-64,C=C.Cl.Cl.O=C(Cl)C(O)=CCl,C=C.Cl.Cl.O=C(Cl)C(O)=CCl,,,,,,,,,,,,,,,,,,,,,,,,,,,,,,,,,,,,,,,,,,,,,,,False,,,,,,,,False,False,non_ascorbate,1
,MC-65,Br.Br.C=C.O=C(Br)C(O)=CBr,Br.Br.C=C.O=C(Br)C(O)=CBr,,,,,,,,,,,,,,,,,,,,,,,,,,,,,,,,,,,,,,,,,,,,,,,False,,,,,,,,False,False,non_ascorbate,1
,MC-66,C=C.I.I.O=C(I)C(O)=CI,C=C.I.I.O=C(I)C(O)=CI,,,,,,,,,,,,,,,,,,,,,,,,,,,,,,,,,,,,,,,,,,,,,,,False,,,,,,,,False,False,non_ascorbate,1
,MC-67,CCC.Cl.Cl.O=C(Cl)C(O)=CCl,CCC.Cl.Cl.O=C(Cl)C(O)=CCl,,,,,,,,,,,,,,,,,,,,,,,,,,,,,,,,,,,,,,,,,,,,,,,False,,,,,,,,False,False,non_ascorbate,1
,MC-68,Br.Br.CCC.O=C(Br)C(O)=CBr,Br.Br.CCC.O=C(Br)C(O)=CBr,,,,,,,,,,,,,,,,,,,,,,,,,,,,,,,,,,,,,,,,,,,,,,,False,,,,,,,,False,False,non_ascorbate,1
,MC-69,CCC.I.I.O=C(I)C(O)=CI,CCC.I.I.O=C(I)C(O)=CI,,,,,,,,,,,,,,,,,,,,,,,,,,,,,,,,,,,,,,,,,,,,,,,False,,,,,,,,False,False,non_ascorbate,1
,MC-70,C1CC1.Cl.Cl.O=C(Cl)C(O)=CCl,C1CC1.Cl.Cl.O=C(Cl)C(O)=CCl,,,,,,,,,,,,,,,,,,,,,,,,,,,,,,,,,,,,,,,,,,,,,,,False,,,,,,,,False,False,non_ascorbate,1
,MC-71,Br.Br.C1CC1.O=C(Br)C(O)=CBr,Br.Br.C1CC1.O=C(Br)C(O)=CBr,,,,,,,,,,,,,,,,,,,,,,,,,,,,,,,,,,,,,,,,,,,,,,,False,,,,,,,,False,False,non_ascorbate,1
,MC-72,C1CC1.I.I.O=C(I)C(O)=CI,C1CC1.I.I.O=C(I)C(O)=CI,,,,,,,,,,,,,,,,,,,,,,,,,,,,,,,,,,,,,,,,,,,,,,,False,,,,,,,,False,False,non_ascorbate,1
,MC-73,Cl.Cl.O=C(Cl)C(Cl)=CCl,Cl.Cl.O=C(Cl)C(Cl)=CCl,,,,,,,,,,,,,,,,,,,,,,,,,,,,,,,,,,,,,,,,,,,,,,,False,,,,,,,,False,False,non_ascorbate,1
,MC-74,Br.Br.O=C(Br)C(Br)=CBr,Br.Br.O=C(Br)C(Br)=CBr,,,,,,,,,,,,,,,,,,,,,,,,,,,,,,,,,,,,,,,,,,,,,,,False,,,,,,,,False,False,non_ascorbate,1
,MC-75,I.I.O=C(I)C(I)=CI,I.I.O=C(I)C(I)=CI,,,,,,,,,,,,,,,,,,,,,,,,,,,,,,,,,,,,,,,,,,,,,,,False,,,,,,,,False,False,non_ascorbate,1
,MC-76,Cl.Cl.Cl.Cl.O=CCl,Cl.Cl.Cl.Cl.O=CCl,,,,,,,,,,,,,,,,,,,,,,,,,,,,,,,,,,,,,,,,,,,,,,,False,,,,,,,,False,False,non_ascorbate,1
,MC-77,Br.Br.Br.Br.O=CBr,Br.Br.Br.Br.O=CBr,,,,,,,,,,,,,,,,,,,,,,,,,,,,,,,,,,,,,,,,,,,,,,,False,,,,,,,,False,False,non_ascorbate,1
,MC-78,I.I.I.I.O=CI,I.I.I.I.O=CI,,,,,,,,,,,,,,,,,,,,,,,,,,,,,,,,,,,,,,,,,,,,,,,False,,,,,,,,False,False,non_ascorbate,1
,MC-85,C.C.C.C.Cl.Cl.Cl.Cl.Cl.Cl.Cl.Cl.O=CCl,C.C.C.C.Cl.Cl.Cl.Cl.Cl.Cl.Cl.Cl.O=CCl,,,,,,,,,,,,,,,,,,,,,,,,,,,,,,,,,,,,,,,,,,,,,,,False,,,,,,,,False,False,non_ascorbate,1
,MC-86,Br.Br.Br.Br.Br.Br.Br.Br.C.C.C.C.O=CBr,Br.Br.Br.Br.Br.Br.Br.Br.C.C.C.C.O=CBr,,,,,,,,,,,,,,,,,,,,,,,,,,,,,,,,,,,,,,,,,,,,,,,False,,,,,,,,False,False,non_ascorbate,1
,MC-87,C.C.C.C.I.I.I.I.I.I.I.I.O=CI,C.C.C.C.I.I.I.I.I.I.I.I.O=CI,,,,,,,,,,,,,,,,,,,,,,,,,,,,,,,,,,,,,,,,,,,,,,,False,,,,,,,,False,False,non_ascorbate,1
,MC-88,Cl.Cl.Cl.O=CCl,Cl.Cl.Cl.O=CCl,,,,,,,,,,,,,,,,,,,,,,,,,,,,,,,,,,,,,,,,,,,,,,,False,,,,,,,,False,False,non_ascorbate,1
,MC-89,Br.Br.Br.O=CBr,Br.Br.Br.O=CBr,,,,,,,,,,,,,,,,,,,,,,,,,,,,,,,,,,,,,,,,,,,,,,,False,,,,,,,,False,False,non_ascorbate,1
,MC-90,I.I.I.O=CI,I.I.I.O=CI,,,,,,,,,,,,,,,,,,,,,,,,,,,,,,,,,,,,,,,,,,,,,,,False,,,,,,,,False,False,non_ascorbate,1
,MC-91,C=O.Cl.Cl.Cl.O=CCl,C=O.Cl.Cl.Cl.O=CCl,,,,,,,,,,,,,,,,,,,,,,,,,,,,,,,,,,,,,,,,,,,,,,,False,,,,,,,,False,False,non_ascorbate,1
,MC-92,Br.Br.Br.C=O.O=CBr,Br.Br.Br.C=O.O=CBr,,,,,,,,,,,,,,,,,,,,,,,,,,,,,,,,,,,,,,,,,,,,,,,False,,,,,,,,False,False,non_ascorbate,1
,MC-93,C=O.I.I.I.O=CI,C=O.I.I.I.O=CI,,,,,,,,,,,,,,,,,,,,,,,,,,,,,,,,,,,,,,,,,,,,,,,False,,,,,,,,False,False,non_ascorbate,1
