panel_id,file_name,source_label,source_file,SMILES,canonical_SMILES,is_parseable,murcko_scaffold,is_natural_product,subtype_note,stereo_status,n_stereo_centers,n_undefined_stereo,MW,LogP,TPSA,HBD,HBA,RotBonds,RingCount,AromaticRings,HeavyAtomCount,NumHeteroatoms,FractionCSP3,n_heavy_atoms,lipinski_violations,pains_flag,brenk_flag,qc_flag,n_sources_merged
NS-9283.mol,NS-9283.mol,1.0,/Users/nb/Documents/ligand-based-modeling/otherModulators.csv,N#Cc1cccc(-c2nc(-c3cccnc3)no2)c1,N#Cc1cccc(-c2nc(-c3cccnc3)no2)c1,1,c1ccc(-c2nc(-c3cccnc3)no2)cc1,0,"alpha4beta2 PAM (3-(1,2,4-oxadiazolyl)-pyridine series)",no_stereo,0,0,248.245,2.670280000000001,75.6,0,5,2,3,3,19,5,0.0,19,0,0,0,pass,1
NS-206.mol,NS-206.mol,1.0,/Users/nb/Documents/ligand-based-modeling/otherModulators.csv,O=Nc1c(O)[nH]c2c3c(c(S(=O)(=O)NOCc4ccccc4)cc12)CCCC3,O=Nc1c(O)[nH]c2c3c(c(S(=O)(=O)NOCc4ccccc4)cc12)CCCC3,1,O=S(=O)(NOCc1ccccc1)c1cc2cc[nH]c2c2c1CCCC2,0,alpha7 PAM (benzoxanthin/quinoxalinone NS series),no_stereo,0,0,401.4440000000002,3.5603000000000025,120.84999999999998,3,6,6,4,3,28,9,0.2631578947368421,28,0,0,1,pass,1
HEPES.mol,HEPES.mol,1.0,/Users/nb/Documents/ligand-based-modeling/otherModulators.csv,O=S(=O)(O)CCN1CCN(CCO)CC1,O=S(=O)(O)CCN1CCN(CCO)CC1,1,C1CNCCN1,0,buffer/filter artifact (4-(2-hydroxyethyl)piperazine in assay),no_stereo,0,0,238.30899999999994,-1.5158999999999976,81.08000000000001,2,5,5,1,0,15,7,1.0,15,0,0,1,pass,1
Compound9.mol,Compound9.mol,1.0,/Users/nb/Documents/ligand-based-modeling/otherModulators.csv,CN(Cc1cc(-c2ccccc2Cl)no1)C(=O)C1CCNCC1,CN(Cc1cc(-c2ccccc2Cl)no1)C(=O)C1CCNCC1,1,O=C(NCc1cc(-c2ccccc2)no1)C1CCNCC1,0,isoxazole-piperazine PAM series (a7-type),no_stereo,0,0,333.81900000000013,2.953000000000001,58.370000000000005,1,4,4,3,2,23,6,0.4117647058823529,23,0,0,0,pass,1
CMPI.mol,CMPI.mol,1.0,/Users/nb/Documents/ligand-based-modeling/otherModulators.csv,Cc1c(-c2cc(-c3ccccc3Cl)no2)cnn1C1CCNCC1,Cc1c(-c2cc(-c3ccccc3Cl)no2)cnn1C1CCNCC1,1,c1ccc(-c2cc(-c3cnn(C4CCNCC4)c3)on2)cc1,0,isoxazole-pyrazole CMPI PAM series (a7-type),no_stereo,0,0,342.83000000000015,4.091420000000002,55.88,1,5,3,4,3,24,6,0.3333333333333333,24,0,0,0,pass,1
2a.mol,2a.mol,1.0,/Users/nb/Documents/ligand-based-modeling/otherModulators.csv,Clc1ccccc1-c1cc(-c2cnn(C3CCNCC3)c2)on1,Clc1ccccc1-c1cc(-c2cnn(C3CCNCC3)c2)on1,1,c1ccc(-c2cc(-c3cnn(C4CCNCC4)c3)on2)cc1,0,isoxazole-piperazine PAM series (a7-type),no_stereo,0,0,328.80300000000005,3.783000000000002,55.88,1,5,3,4,3,23,6,0.29411764705882354,23,0,0,0,pass,1
2c.mol,2c.mol,1.0,/Users/nb/Documents/ligand-based-modeling/otherModulators.csv,c1ccc(-c2cc(-c3cnn(C4CCNCC4)c3)on2)cc1,c1ccc(-c2cc(-c3cnn(C4CCNCC4)c3)on2)cc1,1,c1ccc(-c2cc(-c3cnn(C4CCNCC4)c3)on2)cc1,0,isoxazole-piperazine PAM series (a7-type),no_stereo,0,0,294.35799999999995,3.129600000000001,55.88,1,5,3,4,3,22,5,0.29411764705882354,22,0,0,0,pass,1
2d.mol,2d.mol,1.0,/Users/nb/Documents/ligand-based-modeling/otherModulators.csv,Cc1c(-c2cc(-c3ccccc3)no2)cnn1C1CCNCC1,Cc1c(-c2cc(-c3ccccc3)no2)cnn1C1CCNCC1,1,c1ccc(-c2cc(-c3cnn(C4CCNCC4)c3)on2)cc1,0,isoxazole-piperazine PAM series (a7-type),no_stereo,0,0,308.3850000000001,3.4380200000000016,55.88,1,5,3,4,3,23,5,0.3333333333333333,23,0,0,0,pass,1
2e.mol,2e.mol,1.0,/Users/nb/Documents/ligand-based-modeling/otherModulators.csv,Fc1cccc(Cl)c1-c1cc(-c2cnn(C3CCNCC3)c2)on1,Fc1cccc(Cl)c1-c1cc(-c2cnn(C3CCNCC3)c2)on1,1,c1ccc(-c2cc(-c3cnn(C4CCNCC4)c3)on2)cc1,0,isoxazole-piperazine PAM series (a7-type),no_stereo,0,0,346.7930000000001,3.922100000000002,55.88,1,5,3,4,3,24,7,0.29411764705882354,24,0,0,0,pass,1
2f.mol,2f.mol,1.0,/Users/nb/Documents/ligand-based-modeling/otherModulators.csv,Cc1c(-c2cc(-c3c(F)cccc3Cl)no2)cnn1C1CCNCC1,Cc1c(-c2cc(-c3c(F)cccc3Cl)no2)cnn1C1CCNCC1,1,c1ccc(-c2cc(-c3cnn(C4CCNCC4)c3)on2)cc1,0,isoxazole-piperazine PAM series (a7-type),no_stereo,0,0,360.82000000000016,4.230520000000004,55.88,1,5,3,4,3,25,7,0.3333333333333333,25,0,0,0,pass,1
2g.mol,2g.mol,1.0,/Users/nb/Documents/ligand-based-modeling/otherModulators.csv,Fc1ccc(Cl)c(-c2cc(-c3cnn(C4CCNCC4)c3)on2)c1,Fc1ccc(Cl)c(-c2cc(-c3cnn(C4CCNCC4)c3)on2)c1,1,c1ccc(-c2cc(-c3cnn(C4CCNCC4)c3)on2)cc1,0,isoxazole-piperazine PAM series (a7-type),no_stereo,0,0,346.7930000000001,3.922100000000003,55.88,1,5,3,4,3,24,7,0.29411764705882354,24,0,0,0,pass,1
2h.mol,2h.mol,1.0,/Users/nb/Documents/ligand-based-modeling/otherModulators.csv,Fc1ccc(-c2cc(-c3cnn(C4CCNCC4)c3)on2)c(Cl)c1,Fc1ccc(-c2cc(-c3cnn(C4CCNCC4)c3)on2)c(Cl)c1,1,c1ccc(-c2cc(-c3cnn(C4CCNCC4)c3)on2)cc1,0,isoxazole-piperazine PAM series (a7-type),no_stereo,0,0,346.793,3.922100000000002,55.88,1,5,3,4,3,24,7,0.29411764705882354,24,0,0,0,pass,1
2i.mol,2i.mol,1.0,/Users/nb/Documents/ligand-based-modeling/otherModulators.csv,Fc1cccc(-c2cc(-c3cnn(C4CCNCC4)c3)on2)c1Cl,Fc1cccc(-c2cc(-c3cnn(C4CCNCC4)c3)on2)c1Cl,1,c1ccc(-c2cc(-c3cnn(C4CCNCC4)c3)on2)cc1,0,isoxazole-piperazine PAM series (a7-type),no_stereo,0,0,346.793,3.922100000000002,55.88,1,5,3,4,3,24,7,0.29411764705882354,24,0,0,0,pass,1
2j.mol,2j.mol,1.0,/Users/nb/Documents/ligand-based-modeling/otherModulators.csv,Clc1cnccc1-c1cc(-c2cnn(C3CCNCC3)c2)on1,Clc1cnccc1-c1cc(-c2cnn(C3CCNCC3)c2)on1,1,c1cc(-c2cc(-c3cnn(C4CCNCC4)c3)on2)ccn1,0,isoxazole-piperazine PAM series (a7-type),no_stereo,0,0,329.79100000000005,3.178000000000001,68.77000000000001,1,6,3,4,3,23,7,0.3125,23,0,0,0,pass,1
2k.mol,2k.mol,1.0,/Users/nb/Documents/ligand-based-modeling/otherModulators.csv,Clc1sccc1-c1cc(-c2cnn(C3CCNCC3)c2)on1,Clc1sccc1-c1cc(-c2cnn(C3CCNCC3)c2)on1,1,c1cc(-c2cc(-c3cnn(C4CCNCC4)c3)on2)cs1,0,isoxazole-piperazine PAM series (a7-type),no_stereo,0,0,334.83200000000005,3.8445000000000027,55.88,1,6,3,4,3,22,7,0.3333333333333333,22,0,0,0,pass,1
2l.mol,2l.mol,1.0,/Users/nb/Documents/ligand-based-modeling/otherModulators.csv,Clc1cccc(Cl)c1-c1cc(-c2cnn(C3CCNCC3)c2)on1,Clc1cccc(Cl)c1-c1cc(-c2cnn(C3CCNCC3)c2)on1,1,c1ccc(-c2cc(-c3cnn(C4CCNCC4)c3)on2)cc1,0,isoxazole-piperazine PAM series (a7-type),no_stereo,0,0,363.24800000000016,4.4364000000000035,55.88,1,5,3,4,3,24,7,0.29411764705882354,24,0,0,0,pass,1
2o.mol,2o.mol,1.0,/Users/nb/Documents/ligand-based-modeling/otherModulators.csv,Cc1cc(-c2cnn(C3CCNCC3)c2)on1,Cc1cc(-c2cnn(C3CCNCC3)c2)on1,1,c1cc(-c2cnn(C3CCNCC3)c2)on1,0,isoxazole-piperazine PAM series (a7-type),no_stereo,0,0,232.28699999999998,1.7710199999999996,55.88,1,5,2,3,2,17,5,0.5,17,0,0,0,pass,1
2p.mol,2p.mol,1.0,/Users/nb/Documents/ligand-based-modeling/otherModulators.csv,c1nn(C2CCNCC2)cc1-c1cc(C2CCCCC2)no1,c1nn(C2CCNCC2)cc1-c1cc(C2CCCCC2)no1,1,c1nn(C2CCNCC2)cc1-c1cc(C2CCCCC2)no1,0,isoxazole-piperazine PAM series (a7-type),no_stereo,0,0,300.40600000000006,3.5103000000000026,55.88,1,5,3,4,2,22,5,0.6470588235294118,22,0,0,0,pass,1
12a.mol,12a.mol,1.0,/Users/nb/Documents/ligand-based-modeling/otherModulators.csv,Clc1ccccc1-c1cc(-c2cnc(C3CCNCC3)s2)on1,Clc1ccccc1-c1cc(-c2cnc(C3CCNCC3)s2)on1,1,c1ccc(-c2cc(-c3cnc(C4CCNCC4)s3)on2)cc1,0,isoxazole-piperazine PAM series (a7-type),no_stereo,0,0,345.8550000000001,4.585500000000003,50.95,1,5,3,4,3,23,6,0.29411764705882354,23,0,0,0,pass,1
12b.mol,12b.mol,1.0,/Users/nb/Documents/ligand-based-modeling/otherModulators.csv,Cn1c(-c2cc(-c3c(F)cccc3Cl)no2)cnc1C1CCNCC1,Cn1c(-c2cc(-c3c(F)cccc3Cl)no2)cnc1C1CCNCC1,1,c1ccc(-c2cc(-c3cnc(C4CCNCC4)[nH]3)on2)cc1,0,isoxazole-piperazine PAM series (a7-type),no_stereo,0,0,360.82000000000016,4.001600000000002,55.88,1,5,3,4,3,25,7,0.3333333333333333,25,0,0,0,pass,1
12c.mol,12c.mol,1.0,/Users/nb/Documents/ligand-based-modeling/otherModulators.csv,CCn1c(-c2cc(-c3c(F)cccc3Cl)no2)cnc1C1CCNCC1,CCn1c(-c2cc(-c3c(F)cccc3Cl)no2)cnc1C1CCNCC1,1,c1ccc(-c2cc(-c3cnc(C4CCNCC4)[nH]3)on2)cc1,0,isoxazole-piperazine PAM series (a7-type),no_stereo,0,0,374.84700000000015,4.484500000000003,55.88,1,5,4,4,3,26,7,0.3684210526315789,26,0,0,0,pass,1
12d.mol,12d.mol,1.0,/Users/nb/Documents/ligand-based-modeling/otherModulators.csv,Cn1c(-c2cc(-c3c(F)cccc3Cl)no2)cnc1C1(F)CCNCC1,Cn1c(-c2cc(-c3c(F)cccc3Cl)no2)cnc1C1(F)CCNCC1,1,c1ccc(-c2cc(-c3cnc(C4CCNCC4)[nH]3)on2)cc1,0,isoxazole-piperazine PAM series (a7-type),no_stereo,0,0,378.8100000000002,4.082800000000002,55.88,1,5,3,4,3,26,8,0.3333333333333333,26,0,0,0,pass,1
12e.mol,12e.mol,1.0,/Users/nb/Documents/ligand-based-modeling/otherModulators.csv,CCn1c(-c2cc(-c3c(F)cccc3Cl)no2)cnc1C1(F)CCNCC1,CCn1c(-c2cc(-c3c(F)cccc3Cl)no2)cnc1C1(F)CCNCC1,1,c1ccc(-c2cc(-c3cnc(C4CCNCC4)[nH]3)on2)cc1,0,isoxazole-piperazine PAM series (a7-type),no_stereo,0,0,392.83700000000016,4.565700000000003,55.88,1,5,4,4,3,27,8,0.3684210526315789,27,0,0,0,pass,1
dfbr.mol,dfbr.mol,1.0,/Users/nb/Documents/ligand-based-modeling/otherModulators.csv,C=CC(C)(C)c1[nH]c2cc(Br)ccc2c1CCNC,C=CC(C)(C)c1[nH]c2cc(Br)ccc2c1CCNC,1,c1ccc2[nH]ccc2c1,0,indole PAM series (a7-type),no_stereo,0,0,321.2620000000001,4.155900000000003,27.82,2,1,5,2,2,19,3,0.375,19,0,0,1,pass,1
Com8.mol,Com8.mol,1.0,/Users/nb/Documents/ligand-based-modeling/otherModulators.csv,C=CC(C)(C)c1[nH]c2ccccc2c1CCN,C=CC(C)(C)c1[nH]c2ccccc2c1CCN,1,c1ccc2[nH]ccc2c1,0,indole PAM series (a7-type),no_stereo,0,0,228.33899999999997,3.1327000000000007,41.81,2,1,4,2,2,17,2,0.3333333333333333,17,0,0,1,pass,1
Com9.mol,Com9.mol,1.0,/Users/nb/Documents/ligand-based-modeling/otherModulators.csv,C=CC(C)(C)c1[nH]c2cc(Br)ccc2c1CCN(C)C,C=CC(C)(C)c1[nH]c2cc(Br)ccc2c1CCN(C)C,1,c1ccc2[nH]ccc2c1,0,indole PAM series (a7-type),no_stereo,0,0,335.28900000000016,4.4981000000000035,19.03,1,1,5,2,2,20,3,0.4117647058823529,20,0,0,1,pass,1
Com10.mol,Com10.mol,0.0,/Users/nb/Documents/ligand-based-modeling/otherModulators.csv,C=CC(C)(C)c1[nH]c2cc(Br)ccc2c1CC[N+](C)(C)C,C=CC(C)(C)c1[nH]c2cc(Br)ccc2c1CC[N+](C)(C)C,1,c1ccc2[nH]ccc2c1,0,indole PAM series (a7-type),no_stereo,0,0,350.3240000000002,4.642700000000004,15.79,1,0,5,2,2,21,3,0.4444444444444444,21,0,0,1,pass,1
Com11.mol,Com11.mol,1.0,/Users/nb/Documents/ligand-based-modeling/otherModulators.csv,C=CC(C)(C)c1cc2cc(Br)ccc2n1CCN(C)C,C=CC(C)(C)c1cc2cc(Br)ccc2n1CCN(C)C,1,c1ccc2[nH]ccc2c1,0,azaindole PAM series (a7-type),no_stereo,0,0,335.2890000000001,4.429000000000004,8.17,0,2,5,2,2,20,3,0.4117647058823529,20,0,0,1,pass,1
Com12.mol,Com12.mol,0.0,/Users/nb/Documents/ligand-based-modeling/otherModulators.csv,C=CC(C)(C)c1[nH]c2ccccc2c1CN(C)C,C=CC(C)(C)c1[nH]c2ccccc2c1CN(C)C,1,c1ccc2[nH]ccc2c1,0,indole PAM series (a7-type),no_stereo,0,0,242.36599999999999,3.693100000000002,19.03,1,1,4,2,2,18,2,0.375,18,0,0,1,pass,1
Com13.mol,Com13.mol,0.0,/Users/nb/Documents/ligand-based-modeling/otherModulators.csv,C=CC(C)(C)c1[nH]c2ccccc2c1CCCNC,C=CC(C)(C)c1[nH]c2ccccc2c1CCCNC,1,c1ccc2[nH]ccc2c1,0,indole PAM series (a7-type),no_stereo,0,0,256.393,3.783500000000002,27.82,2,1,6,2,2,19,2,0.4117647058823529,19,0,0,1,pass,1
Com14.mol,Com14.mol,0.0,/Users/nb/Documents/ligand-based-modeling/otherModulators.csv,CC1(C)NCCc2c1[nH]c1cc(Br)ccc21,CC1(C)NCCc2c1[nH]c1cc(Br)ccc21,1,c1ccc2c3c([nH]c2c1)CNCC3,0,indole PAM series (a7-type),no_stereo,0,0,279.18100000000004,3.3112000000000013,27.82,2,1,0,3,2,16,3,0.38461538461538464,16,0,0,0,pass,1
Com16.mol,Com16.mol,1.0,/Users/nb/Documents/ligand-based-modeling/otherModulators.csv,C=CC(C)(C)c1[nH]c2cc(Br)ccc2c1CC(C)N,C=CC(C)(C)c1[nH]c2cc(Br)ccc2c1CC(C)N,1,c1ccc2[nH]ccc2c1,0,indole PAM series (a7-type),undefined/mixed,1,1,321.2620000000001,4.283700000000002,41.81,2,1,4,2,2,19,3,0.375,19,0,0,1,pass,1
Com17.mol,Com17.mol,1.0,/Users/nb/Documents/ligand-based-modeling/otherModulators.csv,CCC(C)c1[nH]c2cc(Br)ccc2c1CCNC,CCC(C)c1[nH]c2cc(Br)ccc2c1CCNC,1,c1ccc2[nH]ccc2c1,0,indole PAM series (a7-type),undefined/mixed,1,1,309.2510000000001,4.2058000000000035,27.82,2,1,5,2,2,18,3,0.4666666666666667,18,0,0,0,pass,1
Com19.mol,Com19.mol,0.0,/Users/nb/Documents/ligand-based-modeling/otherModulators.csv,CNCCc1c(C2(C)CC2)[nH]c2ccccc12,CNCCc1c(C2(C)CC2)[nH]c2ccccc12,1,c1ccc2[nH]c(C3CC3)cc2c1,0,indole PAM series (a7-type),no_stereo,0,0,228.339,2.981300000000001,27.82,2,1,4,3,2,17,2,0.4666666666666667,17,0,0,0,pass,1
Com18.mol,Com18.mol,1.0,/Users/nb/Documents/ligand-based-modeling/otherModulators.csv,CNCCc1c(C2CCCC2)[nH]c2cc(Br)ccc12,CNCCc1c(C2CCCC2)[nH]c2cc(Br)ccc12,1,c1ccc2[nH]c(C3CCCC3)cc2c1,0,indole PAM series (a7-type),no_stereo,0,0,321.262,4.349900000000003,27.82,2,1,4,3,2,19,3,0.5,19,0,0,0,pass,1
Com20.mol,Com20.mol,0.0,/Users/nb/Documents/ligand-based-modeling/otherModulators.csv,CNCCc1c(-c2ccccc2)[nH]c2cc(Br)ccc12,CNCCc1c(-c2ccccc2)[nH]c2cc(Br)ccc12,1,c1ccc(-c2cc3ccccc3[nH]2)cc1,0,indole PAM series (a7-type),no_stereo,0,0,329.24100000000004,4.359300000000003,27.82,2,1,4,3,3,20,3,0.17647058823529413,20,0,0,0,pass,1
Com21.mol,Com21.mol,1.0,/Users/nb/Documents/ligand-based-modeling/otherModulators.csv,C=CC(C)(C)c1c(CCNC)c2ccc(Br)cc2n1C,C=CC(C)(C)c1c(CCNC)c2ccc(Br)cc2n1C,1,c1ccc2[nH]ccc2c1,0,indole PAM series (a7-type),no_stereo,0,0,335.28900000000004,4.166300000000003,16.96,1,2,5,2,2,20,3,0.4117647058823529,20,0,0,1,pass,1
Com22.mol,Com22.mol,1.0,/Users/nb/Documents/ligand-based-modeling/otherModulators.csv,C=CC(C)(C)c1[nH]c2cc(C)ccc2c1CCNC,C=CC(C)(C)c1[nH]c2cc(C)ccc2c1CCNC,1,c1ccc2[nH]ccc2c1,0,indole PAM series (a7-type),no_stereo,0,0,256.393,3.7018200000000023,27.82,2,1,5,2,2,19,2,0.4117647058823529,19,0,0,1,pass,1
Com23.mol,Com23.mol,0.0,/Users/nb/Documents/ligand-based-modeling/otherModulators.csv,C=CC(C)(C)c1[nH]c2cc(C(F)(F)F)ccc2c1CCNC,C=CC(C)(C)c1[nH]c2cc(C(F)(F)F)ccc2c1CCNC,1,c1ccc2[nH]ccc2c1,0,indole PAM series (a7-type),no_stereo,0,0,310.36300000000006,4.412200000000004,27.82,2,1,5,2,2,22,5,0.4117647058823529,22,0,0,1,pass,1
Com24.mol,Com24.mol,1.0,/Users/nb/Documents/ligand-based-modeling/otherModulators.csv,C=CC(C)(C)c1[nH]c2ccc(Br)cc2c1CCNC,C=CC(C)(C)c1[nH]c2ccc(Br)cc2c1CCNC,1,c1ccc2[nH]ccc2c1,0,indole PAM series (a7-type),no_stereo,0,0,321.2620000000001,4.1559000000000035,27.82,2,1,5,2,2,19,3,0.375,19,0,0,1,pass,1
Com25.mol,Com25.mol,1.0,/Users/nb/Documents/ligand-based-modeling/otherModulators.csv,C=CC(C)(C)c1[nH]c2cc(Br)c(Br)cc2c1CCNC,C=CC(C)(C)c1[nH]c2cc(Br)c(Br)cc2c1CCNC,1,c1ccc2[nH]ccc2c1,0,indole PAM series (a7-type),no_stereo,0,0,400.15800000000013,4.918400000000004,27.82,2,1,5,2,2,20,4,0.375,20,0,0,1,pass,1
Struc2.mol,Struc2.mol,1.0,/Users/nb/Documents/ligand-based-modeling/otherModulators.csv,C=CC(C)(C)c1[nH]c2cc(Br)ccc2c1CCN,C=CC(C)(C)c1[nH]c2cc(Br)ccc2c1CCN,1,c1ccc2[nH]ccc2c1,0,indole PAM series (a7-type),no_stereo,0,0,307.2350000000001,3.8952000000000018,41.81,2,1,4,2,2,18,3,0.3333333333333333,18,0,0,1,pass,1
Struc3.mol,Struc3.mol,0.0,/Users/nb/Documents/ligand-based-modeling/otherModulators.csv,CNCCc1c[nH]c2cc(Br)ccc12,CNCCc1c[nH]c2cc(Br)ccc12,1,c1ccc2[nH]ccc2c1,0,indole PAM series (a7-type),no_stereo,0,0,253.14299999999997,2.6923000000000004,27.82,2,1,3,2,2,14,3,0.2727272727272727,14,0,0,0,pass,1
Struc4.mol,Struc4.mol,0.0,/Users/nb/Documents/ligand-based-modeling/otherModulators.csv,CCCc1[nH]c2cc(Br)ccc2c1CCNC,CCCc1[nH]c2cc(Br)ccc2c1CCNC,1,c1ccc2[nH]ccc2c1,0,indole PAM series (a7-type),no_stereo,0,0,295.224,3.644800000000002,27.82,2,1,5,2,2,17,3,0.42857142857142855,17,0,1,0,pass,1
Struc5.mol,Struc5.mol,0.0,/Users/nb/Documents/ligand-based-modeling/otherModulators.csv,C=CCc1[nH]c2cc(Br)ccc2c1CCNC,C=CCc1[nH]c2cc(Br)ccc2c1CCNC,1,c1ccc2[nH]ccc2c1,0,indole PAM series (a7-type),no_stereo,0,0,293.208,3.4208000000000016,27.82,2,1,5,2,2,17,3,0.2857142857142857,17,0,1,1,pass,1
Struc6.mol,Struc6.mol,1.0,/Users/nb/Documents/ligand-based-modeling/otherModulators.csv,CCC(C)(C)c1[nH]c2cc(Br)ccc2c1CCNC,CCC(C)(C)c1[nH]c2cc(Br)ccc2c1CCNC,1,c1ccc2[nH]ccc2c1,0,indole PAM series (a7-type),no_stereo,0,0,323.2780000000001,4.379900000000003,27.82,2,1,5,2,2,19,3,0.5,19,0,0,0,pass,1
Struc7.mol,Struc7.mol,1.0,/Users/nb/Documents/ligand-based-modeling/otherModulators.csv,C=CC(C)(C)c1[nH]c2ccccc2c1CCNC,C=CC(C)(C)c1[nH]c2ccccc2c1CCNC,1,c1ccc2[nH]ccc2c1,0,indole PAM series (a7-type),no_stereo,0,0,242.36599999999999,3.3934000000000015,27.82,2,1,5,2,2,18,2,0.375,18,0,0,1,pass,1
Struc8.mol,Struc8.mol,1.0,/Users/nb/Documents/ligand-based-modeling/otherModulators.csv,CCC(C)(C)c1[nH]c2ccccc2c1CCNC,CCC(C)(C)c1[nH]c2ccccc2c1CCNC,1,c1ccc2[nH]ccc2c1,0,indole PAM series (a7-type),no_stereo,0,0,244.38199999999998,3.6174000000000017,27.82,2,1,5,2,2,18,2,0.5,18,0,0,0,pass,1
Struc9.mol,Struc9.mol,0.0,/Users/nb/Documents/ligand-based-modeling/otherModulators.csv,CCC(C)c1[nH]c2ccccc2c1CCNC,CCC(C)c1[nH]c2ccccc2c1CCNC,1,c1ccc2[nH]ccc2c1,0,indole PAM series (a7-type),undefined/mixed,1,1,230.35499999999996,3.4433000000000016,27.82,2,1,5,2,2,17,2,0.4666666666666667,17,0,0,0,pass,1
Struc10.mol,Struc10.mol,0.0,/Users/nb/Documents/ligand-based-modeling/otherModulators.csv,CCCc1[nH]c2ccccc2c1CCNC,CCCc1[nH]c2ccccc2c1CCNC,1,c1ccc2[nH]ccc2c1,0,indole PAM series (a7-type),no_stereo,0,0,216.32799999999995,2.8823000000000008,27.82,2,1,5,2,2,16,2,0.42857142857142855,16,0,1,0,pass,1
Struc12.mol,Struc12.mol,0.0,/Users/nb/Documents/ligand-based-modeling/otherModulators.csv,CC(C)c1[nH]c2ccccc2c1CCN,CC(C)c1[nH]c2ccccc2c1CCN,1,c1ccc2[nH]ccc2c1,0,indole PAM series (a7-type),no_stereo,0,0,202.30099999999993,2.7925000000000004,41.81,2,1,3,2,2,15,2,0.38461538461538464,15,0,0,0,pass,1
NS-1738 (1).mol,NS-1738 (1).mol,0.0,/Users/nb/Documents/ligand-based-modeling/otherModulators.csv,O=C(Nc1cc(Cl)ccc1O)Nc1cc(C(F)(F)F)ccc1Cl,O=C(Nc1cc(Cl)ccc1O)Nc1cc(C(F)(F)F)ccc1Cl,1,O=C(Nc1ccccc1)Nc1ccccc1,0,alpha7 PAM (thiophene-urea),no_stereo,0,0,365.13800000000003,5.3618000000000015,61.36,3,2,2,2,2,23,9,0.07142857142857142,23,1,0,1,pass,1
TBS-156.mol,TBS-156.mol,0.0,/Users/nb/Documents/ligand-based-modeling/otherModulators.csv,NS(=O)(=O)c1ccc(-n2nc(-c3ccc(Br)cc3)nc2Cc2ccccc2)cc1,NS(=O)(=O)c1ccc(-n2nc(-c3ccc(Br)cc3)nc2Cc2ccccc2)cc1,1,c1ccc(Cc2nc(-c3ccccc3)nn2-c2ccccc2)cc1,0,alpha7 PAM (triazine-sulfonamide series),no_stereo,0,0,469.3640000000001,3.935000000000003,90.87,1,5,5,4,4,29,8,0.047619047619047616,29,0,0,0,pass,1
PNU-120596.mol,PNU-120596.mol,0.0,/Users/nb/Documents/ligand-based-modeling/otherModulators.csv,COc1cc(OC)c(NC(=O)Nc2cc(C)on2)cc1Cl,COc1cc(OC)c(NC(=O)Nc2cc(C)on2)cc1Cl,1,O=C(Nc1ccccc1)Nc1ccon1,0,alpha7 PAM (classical Type II),no_stereo,0,0,311.725,3.297620000000001,85.62,2,5,4,2,2,21,8,0.23076923076923078,21,0,0,0,pass,1
PAM-2.mol,PAM-2.mol,0.0,/Users/nb/Documents/ligand-based-modeling/otherModulators.csv,Cc1ccc(NC(=O)/C=C/c2ccco2)cc1,Cc1ccc(NC(=O)/C=C/c2ccco2)cc1,1,O=C(/C=C/c1ccco1)Nc1ccccc1,0,alpha7 PAM (cinnamide NS-1738 analog),no_stereo,0,0,227.26300000000003,3.2399200000000015,42.24,1,2,3,2,2,17,3,0.07142857142857142,17,0,0,1,pass,1
PAM-4.mol,PAM-4.mol,0.0,/Users/nb/Documents/ligand-based-modeling/otherModulators.csv,O=C(/C=C/c1ccco1)Nc1ccccc1,O=C(/C=C/c1ccco1)Nc1ccccc1,1,O=C(/C=C/c1ccco1)Nc1ccccc1,0,alpha7 PAM (cinnamide NS-1738 analog),no_stereo,0,0,213.23600000000002,2.9315000000000007,42.24,1,2,3,2,2,16,3,0.0,16,0,0,1,pass,1
TQS.mol,TQS.mol,0.0,/Users/nb/Documents/ligand-based-modeling/otherModulators.csv,NS(=O)(=O)c1ccc2c(c1)C1C=CCC1C(c1cccc3ccccc13)N2,NS(=O)(=O)c1ccc2c(c1)C1C=CCC1C(c1cccc3ccccc13)N2,1,C1=CC2c3ccccc3NC(c3cccc4ccccc34)C2C1,0,alpha7 PAM (quinoxalin-2-one Type I/II),undefined/mixed,3,3,376.48100000000005,4.313700000000003,72.19,2,3,2,5,3,27,5,0.18181818181818182,27,0,1,1,pass,1
A-867744.mol,A-867744.mol,0.0,/Users/nb/Documents/ligand-based-modeling/otherModulators.csv,CCC(=O)c1cc(-c2ccc(Cl)cc2)n(-c2ccc(S(N)(=O)=O)cc2)c1C,CCC(=O)c1cc(-c2ccc(Cl)cc2)n(-c2ccc(S(N)(=O)=O)cc2)c1C,1,c1ccc(-c2cccn2-c2ccccc2)cc1,0,alpha7 PAM (Type II),no_stereo,0,0,402.90300000000013,4.346220000000002,82.16,1,4,5,3,3,27,7,0.15,27,0,1,0,pass,1
5-hydroxyindole (5-HI).mol,5-hydroxyindole (5-HI).mol,0.0,/Users/nb/Documents/ligand-based-modeling/otherModulators.csv,Oc1ccc2[nH]ccc2c1,Oc1ccc2[nH]ccc2c1,1,c1ccc2[nH]ccc2c1,0,alpha7 PAM (5-HI),no_stereo,0,0,133.15,1.8735,36.019999999999996,2,1,0,2,2,10,2,0.0,10,0,0,0,pass,1
4.mol,4.mol,0.0,/Users/nb/Documents/ligand-based-modeling/otherModulators.csv,NS(=O)(=O)c1ccc(-c2cc(C(=O)N3CC4CC4C3)nn2-c2ccc(Cl)cc2)cc1,NS(=O)(=O)c1ccc(-c2cc(C(=O)N3CC4CC4C3)nn2-c2ccc(Cl)cc2)cc1,1,O=C(c1cc(-c2ccccc2)n(-c2ccccc2)n1)N1CC2CC2C1,0,alpha7 PAM (pyrazole-sulfonamide series),undefined/mixed,2,2,442.9280000000001,2.9320000000000013,98.28999999999999,1,5,4,5,3,30,9,0.23809523809523808,30,0,0,0,pass,1
3.mol,3.mol,0.0,/Users/nb/Documents/ligand-based-modeling/otherModulators.csv,CCC(=O)c1sc(-c2ccc(Cl)cc2)c(C)c1-c1ccc(S(N)(=O)=O)cc1,CCC(=O)c1sc(-c2ccc(Cl)cc2)c(C)c1-c1ccc(S(N)(=O)=O)cc1,1,c1ccc(-c2csc(-c3ccccc3)c2)cc1,0,alpha7 PAM (thiophene ketoamide series),no_stereo,0,0,419.95500000000015,5.284020000000004,77.23,1,4,5,3,3,27,7,0.15,27,1,0,0,pass,1
LL-00066471.mol,LL-00066471.mol,0.0,/Users/nb/Documents/ligand-based-modeling/otherModulators.csv,Cc1c(-c2ccc(S(N)(=O)=O)cc2)c(C(=O)CC2CC2)n(C)c1-c1ccc(Cl)cc1,Cc1c(-c2ccc(S(N)(=O)=O)cc2)c(C(=O)CC2CC2)n(C)c1-c1ccc(Cl)cc1,1,O=C(CC1CC1)c1[nH]c(-c2ccccc2)cc1-c1ccccc1,0,alpha7 PAM (pyridinone series),no_stereo,0,0,442.9680000000002,4.951120000000004,82.16,1,4,6,4,3,30,7,0.2608695652173913,30,0,0,0,pass,1
Quercetin.mol,Quercetin.mol,0.0,/Users/nb/Documents/ligand-based-modeling/otherModulators.csv,O=c1c(O)c(-c2ccc(O)c(O)c2)oc2cc(O)cc(O)c12,O=c1c(O)c(-c2ccc(O)c(O)c2)oc2cc(O)cc(O)c12,1,O=c1cc(-c2ccccc2)oc2ccccc12,1,flavonoid nAChR modulator (natural product),no_stereo,0,0,302.23800000000006,1.988,131.36,5,7,1,3,3,22,7,0.0,22,0,1,1,pass,1
"5,7-dihydroxy-4-phenylcoumarin.mol","5,7-dihydroxy-4-phenylcoumarin.mol",0.0,/Users/nb/Documents/ligand-based-modeling/otherModulators.csv,O=c1cc(-c2ccccc2)c2c(O)cc(O)cc2o1,O=c1cc(-c2ccccc2)c2c(O)cc(O)cc2o1,1,O=c1cc(-c2ccccc2)c2ccccc2o1,1,flavonoid nAChR modulator,no_stereo,0,0,254.24099999999999,2.871200000000001,70.67,2,4,1,3,3,19,4,0.0,19,0,0,1,pass,1
Isoliquirigenin.mol,Isoliquirigenin.mol,0.0,/Users/nb/Documents/ligand-based-modeling/otherModulators.csv,O=C(C=Cc1ccc(O)cc1)c1ccc(O)cc1O,O=C(C=Cc1ccc(O)cc1)c1ccc(O)cc1O,1,O=C(C=Cc1ccccc1)c1ccccc1,1,chalcone nAChR modulator (natural product),no_stereo,0,0,256.257,2.699500000000001,77.76,3,4,3,2,2,19,4,0.0,19,0,0,1,pass,1
Curcumin.mol,Curcumin.mol,0.0,/Users/nb/Documents/ligand-based-modeling/otherModulators.csv,COc1cc(C=CC(=O)CC(=O)C=Cc2ccc(O)c(OC)c2)ccc1O,COc1cc(C=CC(=O)CC(=O)C=Cc2ccc(O)c(OC)c2)ccc1O,1,O=C(C=Cc1ccccc1)CC(=O)C=Cc1ccccc1,1,curcuminoid nAChR modulator (natural product),no_stereo,0,0,368.3850000000001,3.3699000000000026,93.06000000000002,2,6,8,2,2,27,6,0.14285714285714285,27,0,0,1,pass,1
6.mol,6.mol,0.0,/Users/nb/Documents/ligand-based-modeling/otherModulators.csv,O=C(C=Cc1ccc(O)cc1O)c1cc(O)ccc1O,O=C(C=Cc1ccc(O)cc1O)c1cc(O)ccc1O,1,O=C(C=Cc1ccccc1)c1ccccc1,1,chalcone nAChR modulator (natural product),no_stereo,0,0,272.256,2.4051000000000005,97.99000000000001,4,5,3,2,2,20,5,0.0,20,0,0,1,pass,1
5.mol,5.mol,0.0,/Users/nb/Documents/ligand-based-modeling/otherModulators.csv,O=C(C=Cc1ccc(O)cc1)c1cc(O)ccc1O,O=C(C=Cc1ccc(O)cc1)c1cc(O)ccc1O,1,O=C(C=Cc1ccccc1)c1ccccc1,1,chalcone nAChR modulator (natural product),no_stereo,0,0,256.257,2.699500000000001,77.76,3,4,3,2,2,19,4,0.0,19,0,0,1,pass,1
RGM079.mol,RGM079.mol,0.0,/Users/nb/Documents/ligand-based-modeling/otherModulators.csv,O=C(CCc1ccc(O)cc1F)c1cc(O)ccc1O,O=C(CCc1ccc(O)cc1F)c1cc(O)ccc1O,1,O=C(CCc1ccccc1)c1ccccc1,1,flavonoid nAChR modulator,no_stereo,0,0,276.263,2.7580000000000005,77.76,3,4,4,2,2,20,5,0.13333333333333333,20,0,0,1,pass,1
Genistein.mol,Genistein.mol,0.0,/Users/nb/Documents/ligand-based-modeling/otherModulators.csv,O=c1c(-c2ccc(O)cc2)coc2cc(O)cc(O)c12,O=c1c(-c2ccc(O)cc2)coc2cc(O)cc(O)c12,1,O=c1c(-c2ccccc2)coc2ccccc12,1,isoflavone nAChR modulator (natural product),no_stereo,0,0,270.24,2.576800000000001,90.9,3,5,1,3,3,20,5,0.0,20,0,0,0,pass,1
