compound_id,Identifier,SMILES,isomeric_SMILES,canonical_SMILES,tautomer_canonical_SMILES,stereochemistry,activity_potency_uM,activity_potentiation_pct,is_active,experimental_status,activity,activity_type,activity_unit,assay,assay_condition,replicate_information,source,series_id,parent_compound,scaffold_id,murcko_scaffold,qc_flag,exclusion_reason,stereo_stereo_status,stereo_n_stereo_centers,stereo_n_specified,stereo_n_unspecified,stereo_n_ez_bonds,stereo_has_undefined_stereo,dup_exact,conflicting_duplicate,activity_outlier,n_components,is_salt_or_solvate,net_charge,uncharged_SMILES,label_distribution_note,MW,LogP,TPSA,HBD,HBA,RotBonds,RingCount,AromaticRings,FractionCSP3,FormalCharge,HeavyAtomCount,MolFormula
1,1,C1([C@@H]([C@H](O)CO)OC(=O)C=1O)O,O=C1O[C@H]([C@H](O)CO)C(O)=C1O,O=C1O[C@H]([C@H](O)CO)C(O)=C1O,OC[C@@H](O)c1oc(O)c(O)c1O,defined,1797.0,286.0,1,active,1797.0,potency,uM,a9a10 PAM potentiation assay,UNKNOWN (assay conditions not recorded in source data),NOT_RECORDED (no replicate measurements in source data),/cluster/home/nbhatt04/Low-data-alpah9alpah10-r01-ligand-based/modulator-dataset-a9a10.csv,0,,0,O=C1C=CCO1,pass,,defined,2,2,0,0,False,0,0,0,1,0,0,O=C1O[C@H]([C@H](O)CO)C(O)=C1O,"active=7, inactive=23, total=30",176.124,-1.4074,107.22,4,6,2,1,0,0.5,0,12,C6H8O6
2,2,C(O)C(C1OC(=O)C(O)=C1O)O,O=C1OC(C(O)CO)C(O)=C1O,O=C1OC(C(O)CO)C(O)=C1O,OCC(O)c1oc(O)c(O)c1O,undefined/mixed,1316.0,300.0,1,active,1316.0,potency,uM,a9a10 PAM potentiation assay,UNKNOWN (assay conditions not recorded in source data),NOT_RECORDED (no replicate measurements in source data),/cluster/home/nbhatt04/Low-data-alpah9alpah10-r01-ligand-based/modulator-dataset-a9a10.csv,0,,0,O=C1C=CCO1,pass,,undefined/mixed,2,0,2,0,True,0,0,0,1,0,0,O=C1OC(C(O)CO)C(O)=C1O,"active=7, inactive=23, total=30",176.12400000000002,-1.4074,107.22000000000001,4,6,2,1,0,0.5,0,12,C6H8O6
3,3,CC1(O[C@H]([C@H]2OC(=O)C(O)=C2O)CO1)C,CC1(C)OC[C@@H]([C@H]2OC(=O)C(O)=C2O)O1,CC1(C)OC[C@@H]([C@H]2OC(=O)C(O)=C2O)O1,CC1(C)OC[C@@H](c2oc(O)c(O)c2O)O1,defined,6077.0,293.0,1,active,6077.0,potency,uM,a9a10 PAM potentiation assay,UNKNOWN (assay conditions not recorded in source data),NOT_RECORDED (no replicate measurements in source data),/cluster/home/nbhatt04/Low-data-alpah9alpah10-r01-ligand-based/modulator-dataset-a9a10.csv,1,,1,O=C1C=C[C@@H]([C@@H]2COCO2)O1,pass,,defined,2,2,0,0,False,0,0,1,1,0,0,CC1(C)OC[C@@H]([C@H]2OC(=O)C(O)=C2O)O1,"active=7, inactive=23, total=30",216.18899999999996,0.39089999999999975,85.22000000000001,2,6,1,2,0,0.6666666666666666,0,15,C9H12O6
4,4,CCCCCCCCC1O[C@H](C2OC(=O)C(O)=C2O)CO1,CCCCCCCCC1OC[C@@H](C2OC(=O)C(O)=C2O)O1,CCCCCCCCC1OC[C@@H](C2OC(=O)C(O)=C2O)O1,CCCCCCCCC1OC[C@@H](c2oc(O)c(O)c2O)O1,undefined/mixed,0.0,0.0,0,inactive_or_not_measured,0.0,potency,uM,a9a10 PAM potentiation assay,UNKNOWN (assay conditions not recorded in source data),NOT_RECORDED (no replicate measurements in source data),/cluster/home/nbhatt04/Low-data-alpah9alpah10-r01-ligand-based/modulator-dataset-a9a10.csv,2,,2,O=C1C=CC([C@@H]2COCO2)O1,pass,,undefined/mixed,3,1,2,0,True,0,0,0,1,0,0,CCCCCCCCC1OC[C@@H](C2OC(=O)C(O)=C2O)O1,"active=7, inactive=23, total=30",300.35100000000006,2.7314999999999996,85.22000000000001,2,6,8,2,0,0.8,0,21,C15H24O6
5,5,CC1(O[C@H]([C@H]2OC(=O)C(O)=C2OC)CO1)C,COC1=C(O)C(=O)O[C@@H]1[C@@H]1COC(C)(C)O1,COC1=C(O)C(=O)O[C@@H]1[C@@H]1COC(C)(C)O1,COC1C(=O)C(=O)O[C@@H]1[C@@H]1COC(C)(C)O1,defined,0.0,0.0,0,inactive_or_not_measured,0.0,potency,uM,a9a10 PAM potentiation assay,UNKNOWN (assay conditions not recorded in source data),NOT_RECORDED (no replicate measurements in source data),/cluster/home/nbhatt04/Low-data-alpah9alpah10-r01-ligand-based/modulator-dataset-a9a10.csv,1,,1,O=C1C=C[C@@H]([C@@H]2COCO2)O1,pass,,defined,2,2,0,0,False,0,0,0,1,0,0,COC1=C(O)C(=O)O[C@@H]1[C@@H]1COC(C)(C)O1,"active=7, inactive=23, total=30",230.21599999999995,0.4792999999999996,74.22000000000001,1,6,2,2,0,0.7,0,16,C10H14O6
6,6,CC1(O[C@H]([C@H]2OC(=O)C(O)=C2OCC2C=CC=CC=2)CO1)C,CC1(C)OC[C@@H]([C@H]2OC(=O)C(O)=C2OCc2ccccc2)O1,CC1(C)OC[C@@H]([C@H]2OC(=O)C(O)=C2OCc2ccccc2)O1,CC1(C)OC[C@@H]([C@H]2OC(=O)C(=O)C2OCc2ccccc2)O1,defined,0.0,0.0,0,inactive_or_not_measured,0.0,potency,uM,a9a10 PAM potentiation assay,UNKNOWN (assay conditions not recorded in source data),NOT_RECORDED (no replicate measurements in source data),/cluster/home/nbhatt04/Low-data-alpah9alpah10-r01-ligand-based/modulator-dataset-a9a10.csv,3,,3,O=C1C=C(OCc2ccccc2)[C@@H]([C@@H]2COCO2)O1,pass,,defined,2,2,0,0,False,0,0,0,1,0,0,CC1(C)OC[C@@H]([C@H]2OC(=O)C(O)=C2OCc2ccccc2)O1,"active=7, inactive=23, total=30",306.3140000000001,2.0496999999999996,74.22000000000001,1,6,4,3,1,0.4375,0,22,C16H18O6
7,7,C=CCOC1C([C@@H]2OC(C)(C)OC2)OC(=O)C=1O,C=CCOC1=C(O)C(=O)OC1[C@H]1COC(C)(C)O1,C=CCOC1=C(O)C(=O)OC1[C@H]1COC(C)(C)O1,C=CCOC1C(=O)C(=O)OC1[C@H]1COC(C)(C)O1,undefined/mixed,0.0,0.0,0,inactive_or_not_measured,0.0,potency,uM,a9a10 PAM potentiation assay,UNKNOWN (assay conditions not recorded in source data),NOT_RECORDED (no replicate measurements in source data),/cluster/home/nbhatt04/Low-data-alpah9alpah10-r01-ligand-based/modulator-dataset-a9a10.csv,4,,4,O=C1C=CC([C@H]2COCO2)O1,pass,,undefined/mixed,2,1,1,0,True,0,0,0,1,0,0,C=CCOC1=C(O)C(=O)OC1[C@H]1COC(C)(C)O1,"active=7, inactive=23, total=30",256.2539999999999,1.0355,74.22,1,6,4,2,0,0.5833333333333334,0,18,C12H16O6
8,8,CCCOC1C(C2OC(C)(C)OC2)OC(=O)C=1O,CCCOC1=C(O)C(=O)OC1C1COC(C)(C)O1,CCCOC1=C(O)C(=O)OC1C1COC(C)(C)O1,CCCOC1C(=O)C(=O)OC1C1COC(C)(C)O1,undefined/mixed,0.0,0.0,0,inactive_or_not_measured,0.0,potency,uM,a9a10 PAM potentiation assay,UNKNOWN (assay conditions not recorded in source data),NOT_RECORDED (no replicate measurements in source data),/cluster/home/nbhatt04/Low-data-alpah9alpah10-r01-ligand-based/modulator-dataset-a9a10.csv,5,,5,O=C1C=CC(C2COCO2)O1,pass,,undefined/mixed,2,0,2,0,True,0,0,0,1,0,0,CCCOC1=C(O)C(=O)OC1C1COC(C)(C)O1,"active=7, inactive=23, total=30",258.2699999999999,1.2594999999999998,74.22,1,6,4,2,0,0.75,0,18,C12H18O6
9,9,CCCCOC1[C@@H]([C@@H]2OC(C)(C)OC2)OC(=O)C=1O,CCCCOC1=C(O)C(=O)O[C@@H]1[C@H]1COC(C)(C)O1,CCCCOC1=C(O)C(=O)O[C@@H]1[C@H]1COC(C)(C)O1,CCCCOC1C(=O)C(=O)O[C@@H]1[C@H]1COC(C)(C)O1,defined,0.0,0.0,0,inactive_or_not_measured,0.0,potency,uM,a9a10 PAM potentiation assay,UNKNOWN (assay conditions not recorded in source data),NOT_RECORDED (no replicate measurements in source data),/cluster/home/nbhatt04/Low-data-alpah9alpah10-r01-ligand-based/modulator-dataset-a9a10.csv,6,,6,O=C1C=C[C@@H]([C@H]2COCO2)O1,pass,,defined,2,2,0,0,False,0,0,0,1,0,0,CCCCOC1=C(O)C(=O)O[C@@H]1[C@H]1COC(C)(C)O1,"active=7, inactive=23, total=30",272.2969999999999,1.6496,74.22,1,6,5,2,0,0.7692307692307693,0,19,C13H20O6
10,10,CC1(O[C@H]([C@H]2OC(=O)C(O)=C2OCC2CC2)CO1)C,CC1(C)OC[C@@H]([C@H]2OC(=O)C(O)=C2OCC2CC2)O1,CC1(C)OC[C@@H]([C@H]2OC(=O)C(O)=C2OCC2CC2)O1,CC1(C)OC[C@@H]([C@H]2OC(=O)C(=O)C2OCC2CC2)O1,defined,0.0,0.0,0,inactive_or_not_measured,0.0,potency,uM,a9a10 PAM potentiation assay,UNKNOWN (assay conditions not recorded in source data),NOT_RECORDED (no replicate measurements in source data),/cluster/home/nbhatt04/Low-data-alpah9alpah10-r01-ligand-based/modulator-dataset-a9a10.csv,7,,7,O=C1C=C(OCC2CC2)[C@@H]([C@@H]2COCO2)O1,pass,,defined,2,2,0,0,False,0,0,0,1,0,0,CC1(C)OC[C@@H]([C@H]2OC(=O)C(O)=C2OCC2CC2)O1,"active=7, inactive=23, total=30",270.28099999999995,1.2594999999999994,74.22000000000001,1,6,4,3,0,0.7692307692307693,0,19,C13H18O6
11,11,CC1(O[C@H]([C@H]2OC(=O)C(O)=C2OCCC2CCCCC2)CO1)C,CC1(C)OC[C@@H]([C@H]2OC(=O)C(O)=C2OCCC2CCCCC2)O1,CC1(C)OC[C@@H]([C@H]2OC(=O)C(O)=C2OCCC2CCCCC2)O1,CC1(C)OC[C@@H]([C@H]2OC(=O)C(=O)C2OCCC2CCCCC2)O1,defined,0.0,0.0,0,inactive_or_not_measured,0.0,potency,uM,a9a10 PAM potentiation assay,UNKNOWN (assay conditions not recorded in source data),NOT_RECORDED (no replicate measurements in source data),/cluster/home/nbhatt04/Low-data-alpah9alpah10-r01-ligand-based/modulator-dataset-a9a10.csv,8,,8,O=C1C=C(OCCC2CCCCC2)[C@@H]([C@@H]2COCO2)O1,pass,,defined,2,2,0,0,False,0,0,0,1,0,0,CC1(C)OC[C@@H]([C@H]2OC(=O)C(O)=C2OCCC2CCCCC2)O1,"active=7, inactive=23, total=30",326.38900000000007,2.8199000000000005,74.22000000000001,1,6,5,3,0,0.8235294117647058,0,23,C17H26O6
12,12,C(#C)COC1[C@@H]([C@@H]2OC(C)(C)OC2)OC(=O)C=1O,C#CCOC1=C(O)C(=O)O[C@@H]1[C@H]1COC(C)(C)O1,C#CCOC1=C(O)C(=O)O[C@@H]1[C@H]1COC(C)(C)O1,C#CCOC1C(=O)C(=O)O[C@@H]1[C@H]1COC(C)(C)O1,defined,0.1981,150.0,1,active,0.1981,potency,uM,a9a10 PAM potentiation assay,UNKNOWN (assay conditions not recorded in source data),NOT_RECORDED (no replicate measurements in source data),/cluster/home/nbhatt04/Low-data-alpah9alpah10-r01-ligand-based/modulator-dataset-a9a10.csv,6,,6,O=C1C=C[C@@H]([C@H]2COCO2)O1,pass,,defined,2,2,0,0,False,0,0,0,1,0,0,C#CCOC1=C(O)C(=O)O[C@@H]1[C@H]1COC(C)(C)O1,"active=7, inactive=23, total=30",254.23799999999994,0.48269999999999963,74.22,1,6,3,2,0,0.5833333333333334,0,18,C12H14O6
13,13,CC1(O[C@H]([C@H]2OC(=O)C(OC)=C2OC)CO1)C,COC1=C(OC)[C@@H]([C@@H]2COC(C)(C)O2)OC1=O,COC1=C(OC)[C@@H]([C@@H]2COC(C)(C)O2)OC1=O,COC1=C(OC)[C@@H]([C@@H]2COC(C)(C)O2)OC1=O,defined,0.0,0.0,0,inactive_or_not_measured,0.0,potency,uM,a9a10 PAM potentiation assay,UNKNOWN (assay conditions not recorded in source data),NOT_RECORDED (no replicate measurements in source data),/cluster/home/nbhatt04/Low-data-alpah9alpah10-r01-ligand-based/modulator-dataset-a9a10.csv,1,,1,O=C1C=C[C@@H]([C@@H]2COCO2)O1,pass,,defined,2,2,0,0,False,0,0,0,1,0,0,COC1=C(OC)[C@@H]([C@@H]2COC(C)(C)O2)OC1=O,"active=7, inactive=23, total=30",244.24299999999994,0.5676999999999999,63.22000000000001,0,6,3,2,0,0.7272727272727273,0,17,C11H16O6
14,14,CC1(O[C@H]([C@H]2OC(=O)C(OCC3C=CC=CC=3)=C2OCC2C=CC=CC=2)CO1)C,CC1(C)OC[C@@H]([C@H]2OC(=O)C(OCc3ccccc3)=C2OCc2ccccc2)O1,CC1(C)OC[C@@H]([C@H]2OC(=O)C(OCc3ccccc3)=C2OCc2ccccc2)O1,CC1(C)OC[C@@H]([C@H]2OC(=O)C(OCc3ccccc3)=C2OCc2ccccc2)O1,defined,0.0,0.0,0,inactive_or_not_measured,0.0,potency,uM,a9a10 PAM potentiation assay,UNKNOWN (assay conditions not recorded in source data),NOT_RECORDED (no replicate measurements in source data),/cluster/home/nbhatt04/Low-data-alpah9alpah10-r01-ligand-based/modulator-dataset-a9a10.csv,9,,9,O=C1O[C@H]([C@@H]2COCO2)C(OCc2ccccc2)=C1OCc1ccccc1,pass,,defined,2,2,0,0,False,0,0,0,1,0,0,CC1(C)OC[C@@H]([C@H]2OC(=O)C(OCc3ccccc3)=C2OCc2ccccc2)O1,"active=7, inactive=23, total=30",396.4390000000002,3.7085000000000026,63.22000000000001,0,6,7,4,2,0.34782608695652173,0,29,C23H24O6
15,15,C=CCOC1C(C2OC(C)(C)OC2)OC(=O)C=1OCC=C,C=CCOC1=C(OCC=C)C(C2COC(C)(C)O2)OC1=O,C=CCOC1=C(OCC=C)C(C2COC(C)(C)O2)OC1=O,C=CCOC1=C(OCC=C)C(C2COC(C)(C)O2)OC1=O,undefined/mixed,0.0,0.0,0,inactive_or_not_measured,0.0,potency,uM,a9a10 PAM potentiation assay,UNKNOWN (assay conditions not recorded in source data),NOT_RECORDED (no replicate measurements in source data),/cluster/home/nbhatt04/Low-data-alpah9alpah10-r01-ligand-based/modulator-dataset-a9a10.csv,5,,5,O=C1C=CC(C2COCO2)O1,pass,,undefined/mixed,2,0,2,0,True,0,0,0,1,0,0,C=CCOC1=C(OCC=C)C(C2COC(C)(C)O2)OC1=O,"active=7, inactive=23, total=30",296.319,1.6801,63.22,0,6,7,2,0,0.5333333333333333,0,21,C15H20O6
16,16,CCCOC1[C@H]([C@H]2OC(C)(C)OC2)OC(=O)C=1OCCC,CCCOC1=C(OCCC)[C@H]([C@@H]2COC(C)(C)O2)OC1=O,CCCOC1=C(OCCC)[C@H]([C@@H]2COC(C)(C)O2)OC1=O,CCCOC1=C(OCCC)[C@H]([C@@H]2COC(C)(C)O2)OC1=O,defined,0.0,0.0,0,inactive_or_not_measured,0.0,potency,uM,a9a10 PAM potentiation assay,UNKNOWN (assay conditions not recorded in source data),NOT_RECORDED (no replicate measurements in source data),/cluster/home/nbhatt04/Low-data-alpah9alpah10-r01-ligand-based/modulator-dataset-a9a10.csv,10,,10,O=C1C=C[C@H]([C@@H]2COCO2)O1,pass,,defined,2,2,0,0,False,0,0,0,1,0,0,CCCOC1=C(OCCC)[C@H]([C@@H]2COC(C)(C)O2)OC1=O,"active=7, inactive=23, total=30",300.35100000000006,2.1281,63.22,0,6,7,2,0,0.8,0,21,C15H24O6
17,17,CC1(O[C@H]([C@H]2OC(=O)C(OCC#N)=C2OCC#N)CO1)C,CC1(C)OC[C@@H]([C@H]2OC(=O)C(OCC#N)=C2OCC#N)O1,CC1(C)OC[C@@H]([C@H]2OC(=O)C(OCC#N)=C2OCC#N)O1,CC1(C)OC[C@@H]([C@H]2OC(=O)C(OCC#N)=C2OCC#N)O1,defined,0.0,0.0,0,inactive_or_not_measured,0.0,potency,uM,a9a10 PAM potentiation assay,UNKNOWN (assay conditions not recorded in source data),NOT_RECORDED (no replicate measurements in source data),/cluster/home/nbhatt04/Low-data-alpah9alpah10-r01-ligand-based/modulator-dataset-a9a10.csv,1,,1,O=C1C=C[C@@H]([C@@H]2COCO2)O1,pass,,defined,2,2,0,0,False,0,0,0,1,0,0,CC1(C)OC[C@@H]([C@H]2OC(=O)C(OCC#N)=C2OCC#N)O1,"active=7, inactive=23, total=30",294.26300000000003,0.3552599999999999,110.80000000000003,0,8,5,2,0,0.6153846153846154,0,21,C13H14N2O6
18,18,C1C=CC(COC2[C@@H]([C@H](O)CO)OC(=O)C=2O)=CC=1,O=C1O[C@H]([C@H](O)CO)C(OCc2ccccc2)=C1O,O=C1O[C@H]([C@H](O)CO)C(OCc2ccccc2)=C1O,O=C1O[C@H]([C@H](O)CO)C(OCc2ccccc2)C1=O,defined,1288.0,500.0,1,active,1288.0,potency,uM,a9a10 PAM potentiation assay,UNKNOWN (assay conditions not recorded in source data),NOT_RECORDED (no replicate measurements in source data),/cluster/home/nbhatt04/Low-data-alpah9alpah10-r01-ligand-based/modulator-dataset-a9a10.csv,11,,11,O=C1C=C(OCc2ccccc2)CO1,pass,,defined,2,2,0,0,False,0,0,0,1,0,0,O=C1O[C@H]([C@H](O)CO)C(OCc2ccccc2)=C1O,"active=7, inactive=23, total=30",266.24899999999997,0.2513999999999998,96.22000000000001,3,6,5,2,1,0.3076923076923077,0,19,C13H14O6
19,19,C=CCOC1[C@@H]([C@H](O)CO)OC(=O)C=1O,C=CCOC1=C(O)C(=O)O[C@@H]1[C@H](O)CO,C=CCOC1=C(O)C(=O)O[C@@H]1[C@H](O)CO,C=CCOC1C(=O)C(=O)O[C@@H]1[C@H](O)CO,defined,0.0,0.0,0,inactive_or_not_measured,0.0,potency,uM,a9a10 PAM potentiation assay,UNKNOWN (assay conditions not recorded in source data),NOT_RECORDED (no replicate measurements in source data),/cluster/home/nbhatt04/Low-data-alpah9alpah10-r01-ligand-based/modulator-dataset-a9a10.csv,0,,0,O=C1C=CCO1,pass,,defined,2,2,0,0,False,0,0,0,1,0,0,C=CCOC1=C(O)C(=O)O[C@@H]1[C@H](O)CO,"active=7, inactive=23, total=30",216.18899999999996,-0.7628000000000001,96.22000000000001,3,6,5,1,0,0.4444444444444444,0,15,C9H12O6
20,20,CCCCOC1[C@@H]([C@H](O)CO)OC(=O)C=1O,CCCCOC1=C(O)C(=O)O[C@@H]1[C@H](O)CO,CCCCOC1=C(O)C(=O)O[C@@H]1[C@H](O)CO,CCCCOC1C(=O)C(=O)O[C@@H]1[C@H](O)CO,defined,0.0,0.0,0,inactive_or_not_measured,0.0,potency,uM,a9a10 PAM potentiation assay,UNKNOWN (assay conditions not recorded in source data),NOT_RECORDED (no replicate measurements in source data),/cluster/home/nbhatt04/Low-data-alpah9alpah10-r01-ligand-based/modulator-dataset-a9a10.csv,0,,0,O=C1C=CCO1,pass,,defined,2,2,0,0,False,0,0,0,1,0,0,CCCCOC1=C(O)C(=O)O[C@@H]1[C@H](O)CO,"active=7, inactive=23, total=30",232.23199999999994,-0.1487,96.22000000000001,3,6,6,1,0,0.7,0,16,C10H16O6
21,21,C1C(COC2[C@@H]([C@H](O)CO)OC(=O)C=2O)C1,O=C1O[C@H]([C@H](O)CO)C(OCC2CC2)=C1O,O=C1O[C@H]([C@H](O)CO)C(OCC2CC2)=C1O,O=C1O[C@H]([C@H](O)CO)C(OCC2CC2)C1=O,defined,0.0,0.0,0,inactive_or_not_measured,0.0,potency,uM,a9a10 PAM potentiation assay,UNKNOWN (assay conditions not recorded in source data),NOT_RECORDED (no replicate measurements in source data),/cluster/home/nbhatt04/Low-data-alpah9alpah10-r01-ligand-based/modulator-dataset-a9a10.csv,12,,12,O=C1C=C(OCC2CC2)CO1,pass,,defined,2,2,0,0,False,0,0,0,1,0,0,O=C1O[C@H]([C@H](O)CO)C(OCC2CC2)=C1O,"active=7, inactive=23, total=30",230.21599999999995,-0.5388000000000004,96.22000000000001,3,6,5,2,0,0.7,0,16,C10H14O6
22,22,COC1[C@@H]([C@H](O)CO)OC(=O)C=1OC,COC1=C(OC)[C@@H]([C@H](O)CO)OC1=O,COC1=C(OC)[C@@H]([C@H](O)CO)OC1=O,COC1=C(OC)[C@@H]([C@H](O)CO)OC1=O,defined,0.0,0.0,0,inactive_or_not_measured,0.0,potency,uM,a9a10 PAM potentiation assay,UNKNOWN (assay conditions not recorded in source data),NOT_RECORDED (no replicate measurements in source data),/cluster/home/nbhatt04/Low-data-alpah9alpah10-r01-ligand-based/modulator-dataset-a9a10.csv,0,,0,O=C1C=CCO1,pass,,defined,2,2,0,0,False,0,0,0,1,0,0,COC1=C(OC)[C@@H]([C@H](O)CO)OC1=O,"active=7, inactive=23, total=30",204.17799999999997,-1.2306000000000001,85.22000000000001,2,6,4,1,0,0.625,0,14,C8H12O6
23,23,C(O)[C@H]1OC(=O)[C@H](O)[C@@H](O)[C@@H]1O,O=C1O[C@H](CO)[C@@H](O)[C@H](O)[C@H]1O,O=C1O[C@H](CO)[C@@H](O)[C@H](O)[C@H]1O,O=C1OC(CO)C(O)C(O)C1O,defined,0.0,0.0,0,inactive_or_not_measured,0.0,potency,uM,a9a10 PAM potentiation assay,UNKNOWN (assay conditions not recorded in source data),NOT_RECORDED (no replicate measurements in source data),/cluster/home/nbhatt04/Low-data-alpah9alpah10-r01-ligand-based/modulator-dataset-a9a10.csv,13,,13,O=C1CCCCO1,pass,,defined,4,4,0,0,False,0,0,0,1,0,0,O=C1O[C@H](CO)[C@@H](O)[C@H](O)[C@H]1O,"active=7, inactive=23, total=30",178.14000000000001,-3.0132000000000008,107.22000000000001,4,6,1,1,0,0.8333333333333334,0,12,C6H10O6
24,24,CCCOC1C(=O)O[C@H]([C@H](O)CO)C=1O,CCCOC1=C(O)[C@@H]([C@H](O)CO)OC1=O,CCCOC1=C(O)[C@@H]([C@H](O)CO)OC1=O,CCCOc1c(O)oc([C@H](O)CO)c1O,defined,1202.0,190.0,1,active,1202.0,potency,uM,a9a10 PAM potentiation assay,UNKNOWN (assay conditions not recorded in source data),NOT_RECORDED (no replicate measurements in source data),/cluster/home/nbhatt04/Low-data-alpah9alpah10-r01-ligand-based/modulator-dataset-a9a10.csv,0,,0,O=C1C=CCO1,pass,,defined,2,2,0,0,False,0,0,0,1,0,0,CCCOC1=C(O)[C@@H]([C@H](O)CO)OC1=O,"active=7, inactive=23, total=30",218.20499999999998,-0.5388,96.22000000000001,3,6,5,1,0,0.6666666666666666,0,15,C9H14O6
25,25,C(Br)[C@H]([C@H]1OC(=O)C(O)=C1O)O,O=C1O[C@H]([C@H](O)CBr)C(O)=C1O,O=C1O[C@H]([C@H](O)CBr)C(O)=C1O,Oc1oc([C@H](O)CBr)c(O)c1O,defined,2.63,180.0,1,active,2.63,potency,uM,a9a10 PAM potentiation assay,UNKNOWN (assay conditions not recorded in source data),NOT_RECORDED (no replicate measurements in source data),/cluster/home/nbhatt04/Low-data-alpah9alpah10-r01-ligand-based/modulator-dataset-a9a10.csv,0,,0,O=C1C=CCO1,pass,,defined,2,2,0,0,False,0,0,0,1,0,0,O=C1O[C@H]([C@H](O)CBr)C(O)=C1O,"active=7, inactive=23, total=30",239.021,-0.004800000000000082,86.99000000000001,3,5,2,1,0,0.5,0,12,C6H7BrO5
26,26,C(O)[C@H]([C@H]1OC(=O)[C@@H](O)[C@H]1O)O,O=C1O[C@H]([C@H](O)CO)[C@H](O)[C@@H]1O,O=C1O[C@H]([C@H](O)CO)[C@H](O)[C@@H]1O,O=C1OC([C@H](O)CO)C(O)C1O,defined,0.0,0.0,0,inactive_or_not_measured,0.0,potency,uM,a9a10 PAM potentiation assay,UNKNOWN (assay conditions not recorded in source data),NOT_RECORDED (no replicate measurements in source data),/cluster/home/nbhatt04/Low-data-alpah9alpah10-r01-ligand-based/modulator-dataset-a9a10.csv,14,,14,O=C1CCCO1,pass,,defined,4,4,0,0,False,0,0,0,1,0,0,O=C1O[C@H]([C@H](O)CO)[C@H](O)[C@@H]1O,"active=7, inactive=23, total=30",178.14000000000001,-3.0131999999999994,107.22000000000001,4,6,2,1,0,0.8333333333333334,0,12,C6H10O6
27,27,CC1(O[C@H]([C@@H]2OC(=O)[C@@H]3OC(O[C@H]23)(C)C)CO1)C,CC1(C)OC[C@@H]([C@@H]2OC(=O)[C@@H]3OC(C)(C)O[C@H]23)O1,CC1(C)OC[C@@H]([C@@H]2OC(=O)[C@@H]3OC(C)(C)O[C@H]23)O1,CC1(C)OC[C@@H]([C@@H]2OC(=O)C3OC(C)(C)O[C@@H]32)O1,defined,0.0,0.0,0,inactive_or_not_measured,0.0,potency,uM,a9a10 PAM potentiation assay,UNKNOWN (assay conditions not recorded in source data),NOT_RECORDED (no replicate measurements in source data),/cluster/home/nbhatt04/Low-data-alpah9alpah10-r01-ligand-based/modulator-dataset-a9a10.csv,15,,15,O=C1O[C@@H]([C@@H]2COCO2)[C@H]2OCO[C@@H]12,pass,,defined,4,4,0,0,False,0,0,0,1,0,0,CC1(C)OC[C@@H]([C@@H]2OC(=O)[C@@H]3OC(C)(C)O[C@H]23)O1,"active=7, inactive=23, total=30",258.2699999999999,0.5833999999999993,63.22000000000001,0,6,1,3,0,0.9166666666666666,0,18,C12H18O6
28,28,C(O)[C@H]1OC(=O)[C@H](O)[C@@H]1O,O=C1O[C@H](CO)[C@@H](O)[C@H]1O,O=C1O[C@H](CO)[C@@H](O)[C@H]1O,O=C1OC(CO)C(O)C1O,defined,0.0,0.0,0,inactive_or_not_measured,0.0,potency,uM,a9a10 PAM potentiation assay,UNKNOWN (assay conditions not recorded in source data),NOT_RECORDED (no replicate measurements in source data),/cluster/home/nbhatt04/Low-data-alpah9alpah10-r01-ligand-based/modulator-dataset-a9a10.csv,14,,14,O=C1CCCO1,pass,,defined,3,3,0,0,False,0,0,0,1,0,0,O=C1O[C@H](CO)[C@@H](O)[C@H]1O,"active=7, inactive=23, total=30",148.114,-2.3741000000000008,86.99000000000001,3,5,1,1,0,0.8,0,10,C5H8O5
29,29,C([C@@H](O)C1OC(=O)[C@@H](O)[C@H]1O)=O,O=C[C@@H](O)C1OC(=O)[C@@H](O)[C@H]1O,O=C[C@@H](O)C1OC(=O)[C@@H](O)[C@H]1O,O=C1OC(C(=O)CO)C(O)C1O,undefined/mixed,0.0,0.0,0,inactive_or_not_measured,0.0,potency,uM,a9a10 PAM potentiation assay,UNKNOWN (assay conditions not recorded in source data),NOT_RECORDED (no replicate measurements in source data),/cluster/home/nbhatt04/Low-data-alpah9alpah10-r01-ligand-based/modulator-dataset-a9a10.csv,14,,14,O=C1CCCO1,pass,,undefined/mixed,4,3,1,0,True,0,0,0,1,0,0,O=C[C@@H](O)C1OC(=O)[C@@H](O)[C@H]1O,"active=7, inactive=23, total=30",176.124,-2.8066,104.06,3,6,2,1,0,0.6666666666666666,0,12,C6H8O6
30,30,C(O)[C@@H](O)[C@H]1OC2O[C@@H](O[C@@H]2[C@H]1O)C(Cl)(Cl)Cl,OC[C@@H](O)[C@H]1OC2O[C@H](C(Cl)(Cl)Cl)O[C@@H]2[C@H]1O,OC[C@@H](O)[C@H]1OC2O[C@H](C(Cl)(Cl)Cl)O[C@@H]2[C@H]1O,OC[C@@H](O)[C@H]1OC2O[C@H](C(Cl)(Cl)Cl)O[C@@H]2[C@H]1O,undefined/mixed,0.0,0.0,0,inactive_or_not_measured,0.0,potency,uM,a9a10 PAM potentiation assay,UNKNOWN (assay conditions not recorded in source data),NOT_RECORDED (no replicate measurements in source data),/cluster/home/nbhatt04/Low-data-alpah9alpah10-r01-ligand-based/modulator-dataset-a9a10.csv,16,,16,C1C[C@H]2OCOC2O1,pass,,undefined/mixed,6,5,1,0,True,0,0,0,1,0,0,OC[C@@H](O)[C@H]1OC2O[C@H](C(Cl)(Cl)Cl)O[C@@H]2[C@H]1O,"active=7, inactive=23, total=30",309.529,-0.46289999999999937,88.38000000000001,3,6,2,2,0,1.0,0,17,C8H11Cl3O6
